ID,N?i dung
BC:06:2D:A7:16:29,No SN
BC:06:2D:96:91:C8,No SN
BC:06:2D:B9:B1:11,No SN
BC:06:2D:A6:C9:9E,No SN
BC:06:2D:AA:EA:92,No SN
BC:06:2D:AA:FF:A5,No SN
BC:06:2D:9C:C7:F1,No SN
BC:06:2D:97:14:62,No SN
BC:06:2D:A6:47:D8,No SN
BC:06:2D:A6:93:47,No SN
BC:06:2D:96:CD:B6,No SN
BC:06:2D:A6:93:4D,No SN
BC:06:2D:96:39:27,No SN
BC:06:2D:96:C8:AD,No SN
BC:06:2D:A5:50:2B,No SN
BC:06:2D:A9:EE:F4,No SN
BC:06:2D:95:38:D7,No SN
BC:06:2D:9B:BF:7D,No SN
BC:06:2D:A5:3D:13,No SN
BC:06:2D:95:57:89,No SN
BC:06:2D:9B:F7:44,No SN
BC:06:2D:95:5E:0C,No SN
BC:06:2D:A6:2F:4A,No SN
BC:06:2D:95:59:EB,No SN
BC:06:2D:9B:EF:CB,No SN
BC:06:2D:A5:8A:03,No SN
BC:06:2D:A9:D7:0D,No SN
BC:06:2D:A6:9D:E4,No SN
BC:06:2D:AA:C6:C4,No SN
BC:06:2D:AA:95:B4,No SN
BC:06:2D:B9:73:75,No SN
BC:06:2D:B9:76:FB,No SN
BC:06:2D:AA:E1:23,No SN
BC:06:2D:A6:D1:02,No SN
BC:06:2D:96:78:A8,No SN
BC:06:2D:AA:F9:4C,No SN
BC:06:2D:96:C0:E7,No SN
BC:06:2D:A6:73:2B,No SN
BC:06:2D:A9:CE:4C,No SN
BC:06:2D:95:6A:86,No SN
BC:06:2D:95:72:38,No SN
BC:06:2D:A5:6B:AB,No SN
BC:06:2D:95:76:00,No SN
BC:06:2D:9B:D3:8C,No SN
BC:06:2D:A4:64:0E,No SN
BC:06:2D:95:33:D2,No SN
BC:06:2D:95:83:26,No SN
BC:06:2D:9B:DA:C6,No SN
BC:06:2D:9B:F2:32,No SN
BC:06:2D:B9:7E:93,No SN
BC:06:2D:A6:5D:B8,No SN
BC:06:2D:A6:CB:7B,No SN
BC:06:2D:96:02:5A,No SN
BC:06:2D:A6:C0:94,No SN
BC:06:2D:AA:B9:89,No SN
BC:06:2D:96:3C:4F,No SN
BC:06:2D:B9:6E:F3,No SN
BC:06:2D:9C:D2:ED,No SN
BC:06:2D:B9:3D:4B,No SN
BC:06:2D:B9:72:B4,No SN
BC:06:2D:97:14:0B,No SN
BC:06:2D:B9:3D:B8,No SN
BC:06:2D:A5:4B:B0,No SN
BC:06:2D:A5:2B:DB,No SN
BC:06:2D:95:52:75,No SN
BC:06:2D:95:53:E3,No SN
BC:06:2D:A6:BF:98,No SN
BC:06:2D:A5:3D:04,No SN
BC:06:2D:A5:4E:48,No SN
BC:06:2D:A5:3D:16,No SN
BC:06:2D:A5:84:82,No SN
BC:06:2D:A5:50:B1,No SN
BC:06:2D:95:69:B6,No SN
BC:06:2D:95:55:E7,No SN
BC:06:2D:9A:89:85,No SN
BC:06:2D:95:5A:4E,No SN
BC:06:2D:A6:7C:32,No SN
BC:06:2D:A7:12:1F,No SN
BC:06:2D:AA:68:9C,No SN
BC:06:2D:96:40:8F,No SN
BC:06:2D:B9:83:F1,No SN
BC:06:2D:96:D0:C5,No SN
BC:06:2D:96:A0:3F,No SN
BC:06:2D:B9:A7:45,No SN
BC:06:2D:AB:24:36,No SN
BC:06:2D:B9:46:F1,No SN
BC:06:2D:AA:E0:D8,No SN
BC:06:2D:A5:73:CF,No SN
BC:06:2D:95:33:26,No SN
BC:06:2D:95:4B:0E,No SN
BC:06:2D:95:3C:B7,No SN
BC:06:2D:A5:66:D1,No SN
BC:06:2D:A9:F4:9B,No SN
BC:06:2D:94:5B:92,No SN
BC:06:2D:94:AA:9A,No SN
BC:06:2D:9B:EE:2F,No SN
BC:06:2D:A5:29:66,No SN
BC:06:2D:B9:1D:DD,No SN
BC:06:2D:96:C1:D0,No SN
BC:06:2D:9C:FA:D4,No SN
BC:06:2D:AA:BF:01,No SN
BC:06:2D:AB:43:C2,No SN
BC:06:2D:9C:C5:C0,No SN
BC:06:2D:B9:1E:4F,No SN
BC:06:2D:96:45:1B,No SN
BC:06:2D:96:A9:06,No SN
BC:06:2D:AB:20:8A,No SN
BC:06:2D:B9:7A:73,No SN
BC:06:2D:9C:D9:21,No SN
BC:06:2D:AB:0A:4D,No SN
BC:06:2D:9B:C2:1F,No SN
BC:06:2D:95:5A:31,No SN
BC:06:2D:95:73:35,No SN
BC:06:2D:A9:E0:1D,No SN
BC:06:2D:A5:47:15,No SN
BC:06:2D:A5:58:25,No SN
BC:06:2D:95:57:A6,No SN
BC:06:2D:9B:CB:1B,No SN
BC:06:2D:A5:31:6F,No SN
BC:06:2D:95:43:0A,No SN
BC:06:2D:A9:E4:8A,No SN
BC:06:2D:95:5B:8D,No SN
BC:06:2D:A4:97:63,No SN
BC:06:2D:A5:35:D1,No SN
BC:06:2D:9C:ED:56,No SN
BC:06:2D:A6:C8:DE,No SN
BC:06:2D:A6:CD:D4,No SN
BC:06:2D:B9:47:AC,No SN
BC:06:2D:96:78:AE,No SN
BC:06:2D:96:AC:C3,No SN
BC:06:2D:B9:E7:EA,No SN
BC:06:2D:96:8C:2E,No SN
BC:06:2D:AB:0E:3E,No SN
BC:06:2D:A6:97:00,No SN
BC:06:2D:96:96:5D,No SN
BC:06:2D:9C:F9:07,No SN
BC:06:2D:A5:43:91,No SN
BC:06:2D:9B:E4:BC,No SN
BC:06:2D:9B:D2:5D,No SN
BC:06:2D:9B:AA:A3,No SN
BC:06:2D:A5:2F:F2,No SN
BC:06:2D:A9:D1:04,No SN
BC:06:2D:9B:D8:09,No SN
BC:06:2D:9C:09:43,No SN
BC:06:2D:A9:EC:F9,No SN
BC:06:2D:95:76:CD,No SN
BC:06:2D:95:73:CF,No SN
BC:06:2D:A5:4C:CB,No SN
BC:06:2D:A6:CA:31,No SN
BC:06:2D:A7:13:BF,No SN
BC:06:2D:A6:93:45,No SN
BC:06:2D:B9:58:70,No SN
BC:06:2D:A7:1E:0A,No SN
BC:06:2D:B9:83:ED,No SN
BC:06:2D:B9:00:4E,No SN
BC:06:2D:96:7B:93,No SN
BC:06:2D:96:87:3C,No SN
BC:06:2D:AA:B2:20,No SN
BC:06:2D:B9:1E:0C,No SN
BC:06:2D:A6:D3:13,No SN
BC:06:2D:A6:12:29,No SN
BC:06:2D:96:BB:F8,No SN
BC:06:2D:A5:3E:61,No SN
BC:06:2D:A5:48:5B,No SN
BC:06:2D:95:33:FE,No SN
BC:06:2D:A5:76:BD,No SN
BC:06:2D:A9:DF:23,No SN
BC:06:2D:95:4C:BB,No SN
BC:06:2D:95:4F:14,No SN
BC:06:2D:9B:C0:3A,No SN
BC:06:2D:95:56:34,No SN
BC:06:2D:95:87:1A,No SN
BC:06:2D:A5:64:12,No SN
BC:06:2D:96:C0:94,No SN
BC:06:2D:A6:B9:92,No SN
BC:06:2D:B9:51:32,No SN
BC:06:2D:9C:BF:57,No SN
BC:06:2D:AD:92:56,No SN
BC:06:2D:96:5A:F7,No SN
BC:06:2D:B9:44:90,No SN
BC:06:2D:A6:B1:57,No SN
BC:06:2D:A6:B0:0D,No SN
BC:06:2D:9C:F6:88,No SN
BC:06:2D:B9:73:48,No SN
BC:06:2D:96:1D:C1,No SN
BC:06:2D:94:AA:87,No SN
BC:06:2D:95:5C:B2,No SN
BC:06:2D:A5:90:CB,No SN
BC:06:2D:A5:6C:E8,No SN
BC:06:2D:95:38:1E,No SN
BC:06:2D:95:5D:45,No SN
BC:06:2D:A5:44:AF,No SN
BC:06:2D:B4:BE:1E,No SN
BC:06:2D:A5:56:5A,No SN
BC:06:2D:95:5A:39,No SN
BC:06:2D:9B:F3:B1,No SN
BC:06:2D:95:6F:B4,No SN
BC:06:2D:A5:3D:59,No SN
BC:06:2D:96:8A:13,No SN
BC:06:2D:B9:59:01,No SN
BC:06:2D:A6:7B:EC,No SN
BC:06:2D:A6:82:45,No SN
BC:06:2D:A7:16:76,No SN
BC:06:2D:A6:B9:27,No SN
BC:06:2D:AB:40:B7,No SN
BC:06:2D:AA:F7:46,No SN
BC:06:2D:AA:91:83,No SN
BC:06:2D:AB:26:0D,No SN
BC:06:2D:A6:E8:81,No SN
BC:06:2D:B9:6F:EC,No SN
BC:06:2D:9C:F7:4A,No SN
BC:06:2D:95:65:EF,No SN
BC:06:2D:95:4F:CC,No SN
BC:06:2D:95:5E:FB,No SN
BC:06:2D:A9:F1:4D,No SN
BC:06:2D:95:4F:B7,No SN
BC:06:2D:A5:37:F9,No SN
BC:06:2D:9B:DE:C3,No SN
BC:06:2D:94:AA:A1,No SN
BC:06:2D:96:31:77,No SN
BC:06:2D:A5:33:D6,No SN
BC:06:2D:A5:43:22,No SN
BC:06:2D:AB:45:28,No SN
BC:06:2D:B9:7E:C5,No SN
BC:06:2D:96:B0:14,No SN
BC:06:2D:AB:09:C1,No SN
BC:06:2D:AA:E9:E9,No SN
BC:06:2D:96:88:2A,No SN
BC:06:2D:B9:1D:D9,No SN
BC:06:2D:AA:95:49,No SN
BC:06:2D:AA:D9:71,No SN
BC:06:2D:A6:7D:2C,No SN
BC:06:2D:A7:17:BD,No SN
BC:06:2D:96:BD:09,No SN
BC:06:2D:A5:4E:C3,No SN
BC:06:2D:95:33:08,No SN
BC:06:2D:95:46:F2,No SN
BC:06:2D:95:4E:C1,No SN
BC:06:2D:95:89:3E,No SN
BC:06:2D:9B:DA:02,No SN
BC:06:2D:95:5E:13,No SN
BC:06:2D:95:7D:ED,No SN
BC:06:2D:9B:CC:E3,No SN
BC:06:2D:9C:07:4D,No SN
BC:06:2D:9B:FC:6C,No SN
BC:06:2D:95:63:AF,No SN
BC:06:2D:A5:8A:37,No SN
BC:06:2D:A5:6D:91,No SN
BC:06:2D:A7:1E:F4,No SN
BC:06:2D:B9:81:8E,No SN
BC:06:2D:AA:BF:84,No SN
BC:06:2D:96:3C:40,No SN
BC:06:2D:97:1B:C4,No SN
BC:06:2D:AA:D6:75,No SN
BC:06:2D:B9:B6:7E,No SN
BC:06:2D:9C:E4:3F,No SN
BC:06:2D:B9:3D:19,No SN
BC:06:2D:9C:CF:7B,No SN
BC:06:2D:AB:23:3D,No SN
BC:06:2D:AA:F7:2D,No SN
BC:06:2D:A9:D2:92,No SN
BC:06:2D:95:83:27,No SN
BC:06:2D:A9:CF:73,No SN
BC:06:2D:95:30:5B,No SN
BC:06:2D:A5:2C:B8,No SN
BC:06:2D:AA:04:80,No SN
BC:06:2D:AB:15:2C,No SN
BC:06:2D:A5:54:A9,No SN
BC:06:2D:95:70:F9,No SN
BC:06:2D:A5:56:56,No SN
BC:06:2D:A5:4D:3F,No SN
BC:06:2D:95:76:CB,No SN
BC:06:2D:95:50:E2,No SN
BC:06:2D:A6:8C:2F,No SN
BC:06:2D:B9:82:F5,No SN
BC:06:2D:96:73:75,No SN
BC:06:2D:9C:CA:40,No SN
BC:06:2D:A6:7D:23,No SN
BC:06:2D:AA:C7:65,No SN
BC:06:2D:B9:7E:91,No SN
BC:06:2D:B9:34:B6,No SN
BC:06:2D:B9:1E:CF,No SN
BC:06:2D:AA:EE:D3,No SN
BC:06:2D:AA:FB:DB,No SN
BC:06:2D:B9:7E:88,No SN
BC:06:2D:9C:D7:EA,No SN
BC:06:2D:A9:EC:7F,No SN
BC:06:2D:A9:DA:D7,No SN
BC:06:2D:95:7A:E3,No SN
BC:06:2D:A5:48:94,No SN
BC:06:2D:A6:98:36,No SN
BC:06:2D:A9:04:BC,No SN
BC:06:2D:95:37:2A,No SN
BC:06:2D:A5:3E:E0,No SN
BC:06:2D:A5:76:29,No SN
BC:06:2D:A5:4F:78,No SN
BC:06:2D:A9:CA:70,No SN
BC:06:2D:95:50:BE,No SN
BC:06:2D:97:13:62,No SN
BC:06:2D:A7:1A:29,No SN
BC:06:2D:9C:F1:11,No SN
BC:06:2D:95:74:92,No SN
BC:06:2D:A5:55:10,No SN
BC:06:2D:A4:E6:17,No SN
BC:06:2D:AB:19:4D,No SN
BC:06:2D:B9:1D:E1,No SN
BC:06:2D:96:0B:60,No SN
BC:06:2D:97:13:7F,No SN
BC:06:2D:B9:89:37,No SN
BC:06:2D:A6:D7:7F,No SN
BC:06:2D:A6:CA:AB,No SN
BC:06:2D:AA:C5:A5,No SN
BC:06:2D:AA:CB:08,No SN
BC:06:2D:B9:73:43,No SN
BC:06:2D:A6:3C:D8,No SN
BC:06:2D:AB:06:C0,No SN
BC:06:2D:A9:E3:AC,No SN
BC:06:2D:96:8E:60,No SN
BC:06:2D:AB:16:2E,No SN
BC:06:2D:9B:DE:08,No SN
BC:06:2D:B9:29:3B,No SN
BC:06:2D:A6:D0:EC,No SN
BC:06:2D:B9:9C:A3,No SN
BC:06:2D:AB:25:16,No SN
BC:06:2D:95:37:4D,No SN
BC:06:2D:9B:BB:FB,No SN
BC:06:2D:A5:60:7D,No SN
BC:06:2D:9B:DA:CD,No SN
BC:06:2D:A5:55:9E,No SN
BC:06:2D:A5:54:E3,No SN
BC:06:2D:A5:6E:6B,No SN
BC:06:2D:B9:1E:60,No SN
BC:06:2D:A7:19:DE,No SN
BC:06:2D:96:7D:9F,No SN
BC:06:2D:9A:7F:6A,No SN
BC:06:2D:A5:6A:AA,No SN
BC:06:2D:AA:01:2C,No SN
BC:06:2D:A5:3E:B8,No SN
BC:06:2D:AA:FA:03,No SN
BC:06:2D:B9:76:B5,No SN
BC:06:2D:9C:BD:3D,No SN
BC:06:2D:96:08:FF,No SN
BC:06:2D:97:10:D0,No SN
BC:06:2D:96:DA:DB,No SN
BC:06:2D:96:29:3E,No SN
BC:06:2D:97:10:E6,No SN
BC:06:2D:B9:73:47,No SN
BC:06:2D:96:84:BE,No SN
BC:06:2D:96:C9:D8,No SN
BC:06:2D:96:BA:DE,No SN
BC:06:2D:96:A3:81,No SN
BC:06:2D:95:89:8E,No SN
BC:06:2D:B9:56:AE,No SN
BC:06:2D:A5:56:A5,No SN
BC:06:2D:AA:A8:79,No SN
BC:06:2D:B9:DD:E6,No SN
BC:06:2D:A6:CA:AA,No SN
BC:06:2D:AA:F6:0B,No SN
BC:06:2D:A7:13:67,No SN
BC:06:2D:B9:68:1B,No SN
BC:06:2D:96:C7:95,No SN
BC:06:2D:A6:56:DC,No SN
BC:06:2D:AA:CA:15,No SN
BC:06:2D:A5:49:48,No SN
BC:06:2D:97:15:81,No SN
BC:06:2D:9C:12:28,No SN
BC:06:2D:A9:D7:08,No SN
BC:06:2D:A9:FD:10,No SN
BC:06:2D:9B:AF:01,No SN
BC:06:2D:A5:47:F6,No SN
BC:06:2D:A5:5A:21,No SN
BC:06:2D:95:4A:26,No SN
BC:06:2D:A9:F0:84,No SN
BC:06:2D:B9:22:37,No SN
BC:06:2D:B9:E4:E4,No SN
BC:06:2D:B9:55:87,No SN
BC:06:2D:95:44:54,No SN
BC:06:2D:95:32:13,No SN
BC:06:2D:AB:04:8E,No SN
BC:06:2D:AA:BE:CF,No SN
BC:06:2D:96:3E:F3,No SN
BC:06:2D:A6:0D:B5,No SN
BC:06:2D:A6:58:B3,No SN
BC:06:2D:96:B3:AF,No SN
BC:06:2D:B9:7F:ED,No SN
BC:06:2D:AB:1C:03,No SN
BC:06:2D:96:96:05,No SN
BC:06:2D:A7:19:F7,No SN
BC:06:2D:A6:CA:48,No SN
BC:06:2D:A7:1F:64,No SN
BC:06:2D:A7:19:2C,No SN
BC:06:2D:95:4D:B8,No SN
BC:06:2D:AA:71:D3,No SN
BC:06:2D:A7:1C:E4,No SN
BC:06:2D:96:AD:B4,No SN
BC:06:2D:AA:FB:E9,No SN
BC:06:2D:AB:26:13,No SN
BC:06:2D:B9:E6:53,No SN
BC:06:2D:B9:51:65,No SN
BC:06:2D:B9:80:33,No SN
BC:06:2D:A7:16:E6,No SN
BC:06:2D:95:60:CA,No SN
BC:06:2D:95:33:E2,No SN
BC:06:2D:95:4A:3D,No SN
BC:06:2D:9B:F7:95,No SN
BC:06:2D:A5:2F:8B,No SN
BC:06:2D:9F:C4:D4,No SN
BC:06:2D:AA:7F:B4,No SN
BC:06:2D:96:C2:AC,No SN
BC:06:2D:9B:F8:C3,No SN
BC:06:2D:96:89:B4,No SN
BC:06:2D:9B:D9:35,No SN
BC:06:2D:95:57:E4,No SN
BC:06:2D:AA:E9:FD,No SN
BC:06:2D:B9:9C:A7,No SN
BC:06:2D:AA:E6:DB,No SN
BC:06:2D:B9:7E:8D,No SN
BC:06:2D:A6:89:E9,No SN
BC:06:2D:9C:E3:D9,No SN
BC:06:2D:97:15:B3,No SN
BC:06:2D:9C:92:BE,No SN
BC:06:2D:9D:D9:D4,No SN
BC:06:2D:AA:B8:C4,No SN
BC:06:2D:B9:7F:7A,No SN
BC:06:2D:B9:8C:F8,No SN
BC:06:2D:97:16:5E,No SN
BC:06:2D:96:AD:67,No SN
BC:06:2D:B9:1D:DC,No SN
BC:06:2D:A7:1B:02,No SN
BC:06:2D:A6:D3:6F,No SN
BC:06:2D:96:C0:02,No SN
BC:06:2D:A7:12:3F,No SN
BC:06:2D:B9:3F:6A,No SN
BC:06:2D:B9:A2:C9,No SN
BC:06:2D:AA:BA:EB,No SN
BC:06:2D:AA:C0:53,No SN
BC:06:2D:B9:78:AF,No SN
BC:06:2D:AA:F6:F5,No SN
BC:06:2D:A6:4D:F4,No SN
BC:06:2D:A6:88:00,No SN
BC:06:2D:9A:8B:5D,No SN
BC:06:2D:9A:8C:29,No SN
BC:06:2D:A5:8A:AB,No SN
BC:06:2D:A9:DB:AF,No SN
BC:06:2D:95:55:33,No SN
BC:06:2D:A5:72:6F,No SN
BC:06:2D:A5:47:9E,No SN
BC:06:2D:A5:8D:2B,No SN
BC:06:2D:95:5D:42,No SN
BC:06:2D:A5:72:AC,No SN
BC:06:2D:95:5A:F3,No SN
BC:06:2D:96:BD:1D,No SN
BC:06:2D:A6:89:98,No SN
BC:06:2D:A6:DB:5B,No SN
BC:06:2D:95:8B:37,No SN
BC:06:2D:97:11:57,No SN
BC:06:2D:B9:80:85,No SN
BC:06:2D:9C:83:13,No SN
BC:06:2D:96:32:CE,No SN
BC:06:2D:A6:98:D1,No SN
BC:06:2D:96:E9:2B,No SN
BC:06:2D:A6:A6:D0,No SN
BC:06:2D:B9:9F:3D,No SN
BC:06:2D:96:B9:42,No SN
BC:06:2D:96:75:DE,No SN
BC:06:2D:A6:D4:8B,No SN
BC:06:2D:97:19:9D,No SN
BC:06:2D:A5:35:3B,No SN
BC:06:2D:A6:BC:E9,No SN
BC:06:2D:9C:D3:59,No SN
BC:06:2D:A6:AF:05,No SN
BC:06:2D:B9:58:74,No SN
BC:06:2D:A6:A6:CB,No SN
BC:06:2D:B9:89:BF,No SN
BC:06:2D:96:BC:C4,No SN
BC:06:2D:A6:97:57,No SN
BC:06:2D:B9:DF:05,No SN
BC:06:2D:AA:F8:5F,No SN
BC:06:2D:A6:B2:B0,No SN
BC:06:2D:A5:3F:28,No SN
BC:06:2D:9B:9A:A0,No SN
BC:06:2D:A5:4C:53,No SN
BC:06:2D:95:33:43,No SN
BC:06:2D:9B:D7:8E,No SN
BC:06:2D:9B:EC:51,No SN
BC:06:2D:AB:10:9F,No SN
BC:06:2D:9C:93:9B,No SN
BC:06:2D:A5:74:02,No SN
BC:06:2D:A6:C4:7A,No SN
BC:06:2D:9B:CA:F5,No SN
BC:06:2D:9B:BB:08,No SN
BC:06:2D:A6:7D:27,No SN
BC:06:2D:B9:74:F4,No SN
BC:06:2D:A6:3F:A3,No SN
BC:06:2D:96:90:F9,No SN
BC:06:2D:96:E3:54,No SN
BC:06:2D:AA:F4:63,No SN
BC:06:2D:AA:45:D9,No SN
BC:06:2D:B9:4F:82,No SN
BC:06:2D:96:4C:7A,No SN
BC:06:2D:A6:D3:26,No SN
BC:06:2D:B9:7E:8F,No SN
BC:06:2D:A6:0F:79,No SN
BC:06:2D:97:1B:5D,No SN
BC:06:2D:AA:08:6A,No SN
BC:06:2D:96:4F:A5,No SN
BC:06:2D:95:3A:96,No SN
BC:06:2D:96:AC:0A,No SN
BC:06:2D:A6:96:63,No SN
BC:06:2D:A6:7D:26,No SN
BC:06:2D:97:14:32,No SN
BC:06:2D:B9:8A:00,No SN
BC:06:2D:B9:16:04,No SN
BC:06:2D:A6:78:8B,No SN
BC:06:2D:A6:B8:50,No SN
BC:06:2D:96:11:4A,No SN
BC:06:2D:9C:C5:BF,No SN
BC:06:2D:A6:D1:53,No SN
BC:06:2D:95:4F:AF,No SN
BC:06:2D:A9:C7:6E,No SN
BC:06:2D:A5:35:3D,No SN
BC:06:2D:9B:D9:F8,No SN
BC:06:2D:A9:03:0B,No SN
BC:06:2D:95:81:08,No SN
BC:06:2D:A5:46:CF,No SN
BC:06:2D:9B:C3:00,No SN
BC:06:2D:A9:03:61,No SN
BC:06:2D:A4:6A:6C,No SN
BC:06:2D:B9:9A:E0,No SN
BC:06:2D:95:36:C5,No SN
BC:06:2D:A5:32:4B,No SN
BC:06:2D:A5:8B:CD,No SN
BC:06:2D:B9:B4:FB,No SN
BC:06:2D:A5:3D:07,No SN
BC:06:2D:96:AE:8A,No SN
BC:06:2D:A6:88:FC,No SN
BC:06:2D:B9:93:F6,No SN
BC:06:2D:A7:11:67,No SN
BC:06:2D:96:A3:06,No SN
BC:06:2D:97:16:E3,No SN
BC:06:2D:B9:3A:F5,No SN
BC:06:2D:A6:CB:F0,No SN
BC:06:2D:B9:48:21,No SN
BC:06:2D:96:96:67,No SN
BC:06:2D:B9:62:58,No SN
BC:06:2D:95:8A:B7,No SN
BC:06:2D:9C:E1:4B,No SN
BC:06:2D:9C:C5:F8,No SN
BC:06:2D:AA:EF:90,No SN
BC:06:2D:96:C8:FF,No SN
BC:06:2D:96:AE:29,No SN
BC:06:2D:96:4C:93,No SN
BC:06:2D:96:C0:01,No SN
BC:06:2D:B9:5F:99,No SN
BC:06:2D:A6:C9:FF,No SN
BC:06:2D:AA:72:3B,No SN
BC:06:2D:95:44:C0,No SN
BC:06:2D:B9:E2:35,No SN
BC:06:2D:96:58:55,No SN
BC:06:2D:A5:31:AD,No SN
BC:06:2D:A9:CA:C5,No SN
BC:06:2D:A4:64:09,No SN
BC:06:2D:A5:2A:C9,No SN
BC:06:2D:95:51:84,No SN
BC:06:2D:A5:41:A1,No SN
BC:06:2D:95:44:47,No SN
BC:06:2D:A5:2A:D1,No SN
BC:06:2D:95:34:54,No SN
BC:06:2D:97:15:8F,No SN
BC:06:2D:A5:2C:BA,No SN
BC:06:2D:B9:7B:4A,No SN
BC:06:2D:9C:93:F6,No SN
BC:06:2D:9B:EC:9F,No SN
BC:06:2D:95:38:09,No SN
BC:06:2D:A5:82:E9,No SN
BC:06:2D:A5:4E:4F,No SN
BC:06:2D:B9:5B:C9,No SN
BC:06:2D:B9:40:89,No SN
BC:06:2D:96:E5:F4,No SN
BC:06:2D:AA:F2:2B,No SN
BC:06:2D:B9:78:2D,No SN
BC:06:2D:96:2A:EE,No SN
BC:06:2D:96:B0:8D,No SN
BC:06:2D:A6:BB:FF,No SN
BC:06:2D:B9:79:5D,No SN
BC:06:2D:B9:DF:A6,No SN
BC:06:2D:9D:D9:EE,No SN
BC:06:2D:96:49:E6,No SN
BC:06:2D:96:4A:1D,No SN
BC:06:2D:A6:2B:AB,No SN
BC:06:2D:9D:D9:D6,No SN
BC:06:2D:AA:BA:52,No SN
BC:06:2D:96:43:42,No SN
BC:06:2D:96:88:E4,No SN
BC:06:2D:97:17:63,No SN
BC:06:2D:96:CA:6E,No SN
BC:06:2D:96:96:E9,No SN
BC:06:2D:AA:8C:16,No SN
BC:06:2D:A7:13:A5,No SN
BC:06:2D:A6:A0:46,No SN
BC:06:2D:96:7F:C5,No SN
BC:06:2D:9B:C7:9E,No SN
BC:06:2D:9A:8A:4B,No SN
BC:06:2D:A5:52:AC,No SN
BC:06:2D:95:3F:62,No SN
BC:06:2D:95:32:DB,No SN
BC:06:2D:AA:00:AC,No SN
BC:06:2D:A9:EC:47,No SN
BC:06:2D:96:B5:53,No SN
BC:06:2D:A9:DE:3D,No SN
BC:06:2D:96:B7:3A,No SN
BC:06:2D:96:88:72,No SN
BC:06:2D:A7:13:8A,No SN
BC:06:2D:B9:B4:AA,No SN
BC:06:2D:AA:EC:F1,No SN
BC:06:2D:95:55:49,No SN
BC:06:2D:B9:B5:DE,No SN
BC:06:2D:B9:91:4B,No SN
BC:06:2D:B9:91:A0,No SN
BC:06:2D:A6:98:92,No SN
BC:06:2D:B9:3F:AC,No SN
BC:06:2D:96:47:DF,No SN
BC:06:2D:96:C1:DF,No SN
BC:06:2D:B9:3F:2E,No SN
BC:06:2D:A6:EA:56,No SN
BC:06:2D:B9:87:40,No SN
BC:06:2D:A6:CA:40,No SN
BC:06:2D:9B:C7:3F,No SN
BC:06:2D:B9:8F:B9,No SN
BC:06:2D:A6:56:41,No SN
BC:06:2D:A7:19:C9,No SN
BC:06:2D:A6:C1:BB,No SN
BC:06:2D:B9:3F:96,No SN
BC:06:2D:96:0A:80,No SN
BC:06:2D:AA:96:4E,No SN
BC:06:2D:96:24:35,No SN
BC:06:2D:AD:92:59,No SN
BC:06:2D:97:15:FA,No SN
BC:06:2D:A6:7C:B1,No SN
BC:06:2D:A6:25:53,No SN
BC:06:2D:A5:2C:E1,No SN
BC:06:2D:A5:48:75,No SN
BC:06:2D:95:43:2F,No SN
BC:06:2D:A5:8A:AE,No SN
BC:06:2D:A5:2B:21,No SN
BC:06:2D:95:74:49,No SN
BC:06:2D:95:6D:A1,No SN
BC:06:2D:A9:ED:22,No SN
BC:06:2D:94:AA:6F,No SN
BC:06:2D:9B:B2:0D,No SN
BC:06:2D:95:51:60,No SN
BC:06:2D:A6:CD:35,No SN
BC:06:2D:A6:B0:E0,No SN
BC:06:2D:95:46:9C,No SN
BC:06:2D:A6:99:7E,No SN
BC:06:2D:A5:57:12,No SN
BC:06:2D:AB:04:64,No SN
BC:06:2D:B9:78:B2,No SN
BC:06:2D:96:93:22,No SN
BC:06:2D:A6:B9:AB,No SN
BC:06:2D:96:81:14,No SN
BC:06:2D:96:D5:37,No SN
BC:06:2D:97:15:6A,No SN
BC:06:2D:96:B7:DD,No SN
BC:06:2D:B9:3C:99,No SN
BC:06:2D:A7:1A:6C,No SN
BC:06:2D:AB:3D:6A,No SN
BC:06:2D:A6:E3:2F,No SN
BC:06:2D:96:EB:2F,No SN
BC:06:2D:96:78:DF,No SN
BC:06:2D:97:15:C5,No SN
BC:06:2D:96:7B:99,No SN
BC:06:2D:A7:18:A0,No SN
BC:06:2D:B9:70:8D,No SN
BC:06:2D:B9:97:81,No SN
BC:06:2D:B9:A7:A9,No SN
BC:06:2D:AA:B9:CA,No SN
BC:06:2D:A6:9A:58,No SN
BC:06:2D:B9:B3:1A,No SN
BC:06:2D:A6:D3:77,No SN
BC:06:2D:96:8B:B2,No SN
BC:06:2D:B9:70:A7,No SN
BC:06:2D:95:5C:8B,No SN
BC:06:2D:95:32:0B,No SN
BC:06:2D:A5:33:8E,No SN
BC:06:2D:9B:DB:D2,No SN
BC:06:2D:95:44:C4,No SN
BC:06:2D:95:48:C6,No SN
BC:06:2D:95:32:06,No SN
BC:06:2D:9B:C9:F7,No SN
BC:06:2D:AB:11:92,No SN
BC:06:2D:B9:2C:8E,No SN
BC:06:2D:96:75:E2,No SN
BC:06:2D:A5:35:0C,No SN
BC:06:2D:A9:FD:0A,No SN
BC:06:2D:95:44:CB,No SN
BC:06:2D:95:61:93,No SN
BC:06:2D:A6:93:43,No SN
BC:06:2D:96:BE:07,No SN
BC:06:2D:A6:AC:C2,No SN
BC:06:2D:96:C3:61,No SN
BC:06:2D:96:6B:0E,No SN
BC:06:2D:B9:8C:F1,No SN
BC:06:2D:B9:96:A4,No SN
BC:06:2D:9D:D9:CF,No SN
BC:06:2D:9C:E3:D6,No SN
BC:06:2D:97:17:54,No SN
BC:06:2D:9C:F6:7E,No SN
BC:06:2D:B4:D7:FE,No SN
BC:06:2D:96:DB:B8,No SN
BC:06:2D:A6:7C:52,No SN
BC:06:2D:A6:93:41,No SN
BC:06:2D:92:84:70,No SN
BC:06:2D:A6:47:31,No SN
BC:06:2D:A6:94:B1,No SN
BC:06:2D:B9:DF:08,No SN
BC:06:2D:B9:35:9C,No SN
BC:06:2D:9C:F0:E7,No SN
BC:06:2D:B9:1D:DF,No SN
BC:06:2D:96:BD:0A,No SN
BC:06:2D:A9:F9:48,No SN
BC:06:2D:A5:7F:C6,No SN
BC:06:2D:9B:F2:FF,No SN
BC:06:2D:95:51:21,No SN
BC:06:2D:A5:6E:98,No SN
BC:06:2D:A9:F4:99,No SN
BC:06:2D:95:3D:13,No SN
BC:06:2D:A5:69:F5,No SN
BC:06:2D:A6:4F:12,No SN
BC:06:2D:B9:6F:D4,No SN
BC:06:2D:A6:55:97,No SN
BC:06:2D:B9:58:52,No SN
BC:06:2D:A9:DA:D4,No SN
BC:06:2D:A5:5F:FD,No SN
BC:06:2D:95:78:33,No SN
BC:06:2D:96:B7:06,No SN
BC:06:2D:96:52:C5,No SN
BC:06:2D:AA:D4:BA,No SN
BC:06:2D:A7:19:FA,No SN
BC:06:2D:96:C0:5D,No SN
BC:06:2D:AD:92:58,No SN
BC:06:2D:AA:FA:20,No SN
BC:06:2D:AA:9E:3C,No SN
BC:06:2D:AB:12:B1,No SN
BC:06:2D:A7:18:A6,No SN
BC:06:2D:B9:36:2E,No SN
BC:06:2D:AB:24:EA,No SN
BC:06:2D:96:9F:B6,No SN
BC:06:2D:9C:DF:63,No SN
BC:06:2D:A6:C5:2D,No SN
BC:06:2D:AB:1E:A2,No SN
BC:06:2D:A6:A1:9A,No SN
BC:06:2D:96:BD:74,No SN
BC:06:2D:96:99:42,No SN
BC:06:2D:B9:E6:D9,No SN
BC:06:2D:B9:3E:4E,No SN
BC:06:2D:96:E7:E5,No SN
BC:06:2D:B9:51:3B,No SN
BC:06:2D:96:50:F4,No SN
BC:06:2D:B9:7F:78,No SN
BC:06:2D:96:B1:07,No SN
BC:06:2D:A7:17:4D,No SN
BC:06:2D:A5:5B:0C,No SN
BC:06:2D:95:3A:2D,No SN
BC:06:2D:A5:8A:E6,No SN
BC:06:2D:A5:45:87,No SN
BC:06:2D:A9:FA:68,No SN
BC:06:2D:9B:E8:E8,No SN
BC:06:2D:95:3D:C3,No SN
BC:06:2D:9B:FA:B0,No SN
BC:06:2D:96:D3:37,No SN
BC:06:2D:A5:81:99,No SN
BC:06:2D:A5:75:9D,No SN
BC:06:2D:A5:2C:42,No SN
BC:06:2D:95:3D:05,No SN
BC:06:2D:A5:54:BC,No SN
BC:06:2D:A5:47:16,No SN
BC:06:2D:B4:9E:F7,No SN
BC:06:2D:95:95:CF,No SN
BC:06:2D:AB:11:3C,No SN
BC:06:2D:AB:16:0C,No SN
BC:06:2D:A6:E5:8A,No SN
BC:06:2D:AA:0F:1B,No SN
BC:06:2D:A9:FD:A0,No SN
BC:06:2D:95:50:15,No SN
BC:06:2D:95:57:A5,No SN
BC:06:2D:95:38:07,No SN
BC:06:2D:B9:98:06,No SN
BC:06:2D:A6:D3:3A,No SN
BC:06:2D:96:DA:EA,No SN
BC:06:2D:A6:AE:ED,No SN
BC:06:2D:95:3D:22,No SN
BC:06:2D:9B:F2:63,No SN
BC:06:2D:95:48:5E,No SN
BC:06:2D:A5:3F:65,No SN
BC:06:2D:95:7C:40,No SN
BC:06:2D:B9:9C:86,No SN
BC:06:2D:95:3D:A7,No SN
BC:06:2D:B4:A6:02,No SN
BC:06:2D:A5:3C:80,No SN
BC:06:2D:B4:BE:58,No SN
BC:06:2D:9B:CA:6A,No SN
BC:06:2D:95:37:27,No SN
BC:06:2D:A6:DE:0E,No SN
BC:06:2D:96:DB:98,No SN
BC:06:2D:A5:5E:BB,No SN
BC:06:2D:9A:7F:F9,No SN
BC:06:2D:95:76:55,No SN
BC:06:2D:A9:E0:5B,No SN
BC:06:2D:AB:1B:39,No SN
BC:06:2D:9B:EE:9B,No SN
BC:06:2D:9B:DC:F2,No SN
BC:06:2D:A9:E5:04,No SN
BC:06:2D:A9:F0:9A,No SN
BC:06:2D:95:37:30,No SN
BC:06:2D:95:81:2F,No SN
BC:06:2D:96:4A:0F,No SN
BC:06:2D:B9:1E:78,No SN
BC:06:2D:A6:D0:29,No SN
BC:06:2D:A5:3C:DB,No SN
BC:06:2D:A5:50:81,No SN
BC:06:2D:A5:56:63,No SN
BC:06:2D:A6:2E:FB,No SN
BC:06:2D:A9:D6:67,No SN
BC:06:2D:A6:E4:40,No SN
BC:06:2D:96:D0:03,No SN
BC:06:2D:95:2B:F5,No SN
BC:06:2D:9B:C4:23,No SN
BC:06:2D:96:24:FA,No SN
BC:06:2D:9C:16:01,No SN
BC:06:2D:9B:B8:A6,No SN
BC:06:2D:A5:3D:0A,No SN
BC:06:2D:95:49:59,No SN
BC:06:2D:A5:7C:B9,No SN
BC:06:2D:9B:B1:F6,No SN
BC:06:2D:A5:3A:5C,No SN
BC:06:2D:B9:9C:D8,No SN
BC:06:2D:AA:C3:72,No SN
BC:06:2D:A5:3D:A5,No SN
BC:06:2D:9B:F3:BC,No SN
BC:06:2D:A9:DC:EA,No SN
BC:06:2D:A9:F4:94,No SN
BC:06:2D:95:3A:77,No SN
BC:06:2D:A5:32:6A,No SN
BC:06:2D:B9:92:AA,No SN
BC:06:2D:9B:FA:EE,No SN
BC:06:2D:95:55:06,No SN
BC:06:2D:A9:C7:66,No SN
BC:06:2D:A9:D2:99,No SN
BC:06:2D:91:E8:23,MES OK
BC:06:2D:91:E8:93,MES OK
BC:06:2D:96:05:5B,MES OK
BC:06:2D:96:0D:81,MES OK
BC:06:2D:96:26:61,MES OK
BC:06:2D:96:4D:41,MES OK
BC:06:2D:96:64:5F,MES OK
BC:06:2D:96:C9:1C,MES OK
BC:06:2D:96:CA:6B,MES OK
BC:06:2D:96:CA:EA,MES OK
BC:06:2D:96:CB:0B,MES OK
BC:06:2D:96:CB:3E,MES OK
BC:06:2D:96:CB:95,MES OK
BC:06:2D:96:CC:1D,MES OK
BC:06:2D:96:CC:69,MES OK
BC:06:2D:96:CC:6A,MES OK
BC:06:2D:96:CC:DF,MES OK
BC:06:2D:96:CC:F7,MES OK
BC:06:2D:96:CD:02,MES OK
BC:06:2D:96:CD:55,MES OK
BC:06:2D:96:CD:B5,MES OK
BC:06:2D:96:CD:DD,MES OK
BC:06:2D:96:CE:53,MES OK
BC:06:2D:96:CE:ED,MES OK
BC:06:2D:96:CF:AE,MES OK
BC:06:2D:96:D0:94,MES OK
BC:06:2D:96:D0:DF,MES OK
BC:06:2D:96:D1:04,MES OK
BC:06:2D:96:D1:A3,MES OK
BC:06:2D:96:D1:B7,MES OK
BC:06:2D:96:D4:97,MES OK
BC:06:2D:96:ED:3E,MES OK
BC:06:2D:96:F9:5A,MES OK
BC:06:2D:96:FC:7C,MES OK
BC:06:2D:96:FF:15,MES OK
BC:06:2D:97:11:B0,MES OK
BC:06:2D:97:13:A4,MES OK
BC:06:2D:97:14:43,MES OK
BC:06:2D:97:15:6F,MES OK
BC:06:2D:97:16:59,MES OK
BC:06:2D:97:2D:65,MES OK
BC:06:2D:9C:4D:D8,MES OK
BC:06:2D:9C:91:25,MES OK
BC:06:2D:9C:91:62,MES OK
BC:06:2D:9C:A0:6C,MES OK
BC:06:2D:9C:A2:3B,MES OK
BC:06:2D:9C:AE:E4,MES OK
BC:06:2D:9C:B0:54,MES OK
BC:06:2D:9C:F2:30,MES OK
BC:06:2D:9C:FB:8F,MES OK
BC:06:2D:A1:C2:BD,MES OK
BC:06:2D:A6:05:18,MES OK
BC:06:2D:A6:07:6D,MES OK
BC:06:2D:A6:4E:0D,MES OK
BC:06:2D:A6:54:83,MES OK
BC:06:2D:A6:C8:5B,MES OK
BC:06:2D:A6:CA:62,MES OK
BC:06:2D:A6:CA:66,MES OK
BC:06:2D:A6:CB:B3,MES OK
BC:06:2D:A6:CC:AC,MES OK
BC:06:2D:A6:CD:42,MES OK
BC:06:2D:A6:CD:B4,MES OK
BC:06:2D:A6:CD:EC,MES OK
BC:06:2D:A6:CD:F8,MES OK
BC:06:2D:A6:CE:33,MES OK
BC:06:2D:A6:CE:8B,MES OK
BC:06:2D:A6:CE:D7,MES OK
BC:06:2D:A6:CF:1E,MES OK
BC:06:2D:A6:CF:98,MES OK
BC:06:2D:A6:CF:D1,MES OK
BC:06:2D:A6:CF:D6,MES OK
BC:06:2D:A6:CF:D8,MES OK
BC:06:2D:A6:CF:EF,MES OK
BC:06:2D:A6:D0:26,MES OK
BC:06:2D:A6:D0:31,MES OK
BC:06:2D:A6:D0:36,MES OK
BC:06:2D:A6:D0:63,MES OK
BC:06:2D:A6:D0:C4,MES OK
BC:06:2D:A6:D0:E6,MES OK
BC:06:2D:A6:D0:FC,MES OK
BC:06:2D:A6:D1:A1,MES OK
BC:06:2D:A6:D3:25,MES OK
BC:06:2D:A6:D3:F6,MES OK
BC:06:2D:A6:D4:32,MES OK
BC:06:2D:A6:D4:60,MES OK
BC:06:2D:A6:D5:63,MES OK
BC:06:2D:A6:EF:05,MES OK
BC:06:2D:A6:F0:B1,MES OK
BC:06:2D:A6:F6:16,MES OK
BC:06:2D:A6:F6:93,MES OK
BC:06:2D:A7:0B:75,MES OK
BC:06:2D:A7:0F:9C,MES OK
BC:06:2D:A7:10:23,MES OK
BC:06:2D:A7:12:01,MES OK
BC:06:2D:A7:12:D8,MES OK
BC:06:2D:A7:13:61,MES OK
BC:06:2D:A7:13:AF,MES OK
BC:06:2D:A7:19:43,MES OK
BC:06:2D:A7:1A:01,MES OK
BC:06:2D:A7:1A:77,MES OK
BC:06:2D:A7:39:F3,MES OK
BC:06:2D:AA:35:24,MES OK
BC:06:2D:AA:62:D5,MES OK
BC:06:2D:AA:6B:B1,MES OK
BC:06:2D:AA:B1:9B,MES OK
BC:06:2D:AA:D9:6F,MES OK
BC:06:2D:AB:05:1D,MES OK
BC:06:2D:AB:07:3E,MES OK
BC:06:2D:AB:0A:E7,MES OK
BC:06:2D:AB:0C:12,MES OK
BC:06:2D:AB:0C:48,MES OK
BC:06:2D:AB:0C:CB,MES OK
BC:06:2D:AB:0C:E8,MES OK
BC:06:2D:AB:0D:2F,MES OK
BC:06:2D:AB:0D:8E,MES OK
BC:06:2D:AB:0D:90,MES OK
BC:06:2D:AB:0D:DA,MES OK
BC:06:2D:AB:0E:E9,MES OK
BC:06:2D:AB:0E:FD,MES OK
BC:06:2D:AB:0F:6A,MES OK
BC:06:2D:AB:0F:CE,MES OK
BC:06:2D:AB:0F:E3,MES OK
BC:06:2D:AB:10:70,MES OK
BC:06:2D:AB:10:BE,MES OK
BC:06:2D:AB:10:DF,MES OK
BC:06:2D:AB:10:E8,MES OK
BC:06:2D:AB:11:5B,MES OK
BC:06:2D:AB:11:C3,MES OK
BC:06:2D:AB:11:F0,MES OK
BC:06:2D:AB:11:FC,MES OK
BC:06:2D:AB:12:22,MES OK
BC:06:2D:AB:12:29,MES OK
BC:06:2D:AB:12:5E,MES OK
BC:06:2D:AB:12:62,MES OK
BC:06:2D:AB:12:6B,MES OK
BC:06:2D:AB:12:A8,MES OK
BC:06:2D:AB:12:B6,MES OK
BC:06:2D:AB:12:C7,MES OK
BC:06:2D:AB:12:EB,MES OK
BC:06:2D:AB:13:1D,MES OK
BC:06:2D:AB:13:87,MES OK
BC:06:2D:AB:13:98,MES OK
BC:06:2D:AB:13:E0,MES OK
BC:06:2D:AB:13:FB,MES OK
BC:06:2D:AB:14:0D,MES OK
BC:06:2D:AB:14:77,MES OK
BC:06:2D:AB:14:BD,MES OK
BC:06:2D:AB:15:71,MES OK
BC:06:2D:AB:15:9A,MES OK
BC:06:2D:AB:16:A2,MES OK
BC:06:2D:AB:16:A3,MES OK
BC:06:2D:AB:18:AE,MES OK
BC:06:2D:AB:18:C3,MES OK
BC:06:2D:AB:25:D2,MES OK
BC:06:2D:AB:3C:A1,MES OK
BC:06:2D:AB:40:B6,MES OK
BC:06:2D:AB:41:9E,MES OK
BC:06:2D:AB:41:AF,MES OK
BC:06:2D:AB:43:AC,MES OK
BC:06:2D:AB:43:CB,MES OK
BC:06:2D:B9:11:36,MES OK
BC:06:2D:B9:3B:04,MES OK
BC:06:2D:B9:47:2E,MES OK
BC:06:2D:B9:89:88,MES OK
BC:06:2D:B9:8D:4B,MES OK
BC:06:2D:B9:8D:AA,MES OK
BC:06:2D:B9:8E:D6,MES OK
BC:06:2D:B9:8F:63,MES OK
BC:06:2D:B9:8F:D2,MES OK
BC:06:2D:B9:90:C6,MES OK
BC:06:2D:B9:91:65,MES OK
BC:06:2D:B9:92:55,MES OK
BC:06:2D:B9:92:68,MES OK
BC:06:2D:B9:93:32,MES OK
BC:06:2D:B9:93:34,MES OK
BC:06:2D:B9:93:3C,MES OK
BC:06:2D:B9:93:62,MES OK
BC:06:2D:B9:93:78,MES OK
BC:06:2D:B9:94:95,MES OK
BC:06:2D:B9:94:F2,MES OK
BC:06:2D:B9:95:33,MES OK
BC:06:2D:B9:95:99,MES OK
BC:06:2D:B9:96:6E,MES OK
BC:06:2D:B9:96:B7,MES OK
BC:06:2D:B9:96:C9,MES OK
BC:06:2D:B9:97:02,MES OK
BC:06:2D:B9:97:08,MES OK
BC:06:2D:B9:97:87,MES OK
BC:06:2D:B9:97:F1,MES OK
BC:06:2D:B9:98:09,MES OK
BC:06:2D:B9:98:58,MES OK
BC:06:2D:B9:98:77,MES OK
BC:06:2D:B9:98:B3,MES OK
BC:06:2D:B9:99:0F,MES OK
BC:06:2D:B9:99:4E,MES OK
BC:06:2D:B9:99:61,MES OK
BC:06:2D:B9:99:A2,MES OK
BC:06:2D:B9:9A:54,MES OK
BC:06:2D:B9:9A:61,MES OK
BC:06:2D:B9:9A:68,MES OK
BC:06:2D:B9:9A:7D,MES OK
BC:06:2D:B9:9A:CF,MES OK
BC:06:2D:B9:9A:E1,MES OK
BC:06:2D:B9:9B:05,MES OK
BC:06:2D:B9:9C:5B,MES OK
BC:06:2D:B9:9C:D1,MES OK
BC:06:2D:B9:9C:E2,MES OK
BC:06:2D:B9:9D:A5,MES OK
BC:06:2D:B9:9F:10,MES OK
BC:06:2D:B9:B7:1C,MES OK
BC:06:2D:B9:C2:13,MES OK
BC:06:2D:B9:D0:56,MES OK
BC:06:2D:B9:DA:59,MES OK
BC:06:2D:B9:DB:42,MES OK
BC:06:2D:B9:DD:58,MES OK
BC:06:2D:B9:DD:EF,MES OK
BC:06:2D:B9:E1:9C,MES OK
BC:06:2D:B9:F9:DB,MES OK
BC:06:2D:91:DE:A8,MES OK
BC:06:2D:91:DE:AF,MES OK
BC:06:2D:91:E7:B1,MES OK
BC:06:2D:91:E7:EF,MES OK
BC:06:2D:91:E8:32,MES OK
BC:06:2D:91:E8:6B,MES OK
BC:06:2D:91:EC:B6,MES OK
BC:06:2D:91:EC:B7,MES OK
BC:06:2D:91:EC:B8,MES OK
BC:06:2D:91:EC:BB,MES OK
BC:06:2D:91:ED:C1,MES OK
BC:06:2D:93:F8:E2,MES OK
BC:06:2D:95:09:F9,MES OK
BC:06:2D:95:11:6D,MES OK
BC:06:2D:95:C7:70,MES OK
BC:06:2D:95:FD:15,MES OK
BC:06:2D:95:FD:BD,MES OK
BC:06:2D:96:06:65,MES OK
BC:06:2D:96:07:F7,MES OK
BC:06:2D:96:08:5C,MES OK
BC:06:2D:96:09:03,MES OK
BC:06:2D:96:09:0B,MES OK
BC:06:2D:96:09:15,MES OK
BC:06:2D:96:09:36,MES OK
BC:06:2D:96:09:37,MES OK
BC:06:2D:96:09:4C,MES OK
BC:06:2D:96:0A:7B,MES OK
BC:06:2D:96:0B:5F,MES OK
BC:06:2D:96:0C:02,MES OK
BC:06:2D:96:0C:EA,MES OK
BC:06:2D:96:0D:CD,MES OK
BC:06:2D:96:0D:D1,MES OK
BC:06:2D:96:0E:C2,MES OK
BC:06:2D:96:10:66,MES OK
BC:06:2D:96:11:38,MES OK
BC:06:2D:96:11:62,MES OK
BC:06:2D:96:12:0B,MES OK
BC:06:2D:96:19:DB,MES OK
BC:06:2D:96:1B:E5,MES OK
BC:06:2D:96:20:36,MES OK
BC:06:2D:96:49:51,MES OK
BC:06:2D:96:51:AC,MES OK
BC:06:2D:96:54:58,MES OK
BC:06:2D:96:55:C8,MES OK
BC:06:2D:96:5F:23,MES OK
BC:06:2D:96:60:55,MES OK
BC:06:2D:96:62:59,MES OK
BC:06:2D:96:62:6B,MES OK
BC:06:2D:96:62:76,MES OK
BC:06:2D:96:67:D0,MES OK
BC:06:2D:96:6A:41,MES OK
BC:06:2D:96:75:B5,MES OK
BC:06:2D:96:92:84,MES OK
BC:06:2D:96:C4:A9,MES OK
BC:06:2D:96:C5:03,MES OK
BC:06:2D:96:C5:46,MES OK
BC:06:2D:96:D0:24,MES OK
BC:06:2D:96:D2:50,MES OK
BC:06:2D:96:D3:57,MES OK
BC:06:2D:96:DD:7B,MES OK
BC:06:2D:96:E6:7A,MES OK
BC:06:2D:96:F2:F8,MES OK
BC:06:2D:96:F8:01,MES OK
BC:06:2D:96:F8:F9,MES OK
BC:06:2D:97:05:05,MES OK
BC:06:2D:97:0A:74,MES OK
BC:06:2D:97:0F:3A,MES OK
BC:06:2D:97:0F:62,MES OK
BC:06:2D:97:0F:98,MES OK
BC:06:2D:97:0F:B8,MES OK
BC:06:2D:97:0F:F3,MES OK
BC:06:2D:97:10:B6,MES OK
BC:06:2D:97:10:FF,MES OK
BC:06:2D:97:12:06,MES OK
BC:06:2D:97:14:0C,MES OK
BC:06:2D:97:16:06,MES OK
BC:06:2D:97:16:82,MES OK
BC:06:2D:97:16:EC,MES OK
BC:06:2D:97:17:A2,MES OK
BC:06:2D:97:1A:62,MES OK
BC:06:2D:97:1F:C1,MES OK
BC:06:2D:97:37:FB,MES OK
BC:06:2D:97:39:C4,MES OK
BC:06:2D:97:41:CB,MES OK
BC:06:2D:97:46:6A,MES OK
BC:06:2D:9B:17:7C,MES OK
BC:06:2D:9B:20:0F,MES OK
BC:06:2D:9C:48:46,MES OK
BC:06:2D:9C:71:7D,MES OK
BC:06:2D:9C:83:14,MES OK
BC:06:2D:9C:8A:4F,MES OK
BC:06:2D:9C:8D:92,MES OK
BC:06:2D:9C:8E:B0,MES OK
BC:06:2D:9C:8E:D0,MES OK
BC:06:2D:9C:8F:15,MES OK
BC:06:2D:9C:8F:3D,MES OK
BC:06:2D:9C:90:61,MES OK
BC:06:2D:9C:91:A3,MES OK
BC:06:2D:9C:9D:2D,MES OK
BC:06:2D:9C:A0:52,MES OK
BC:06:2D:9C:A0:D5,MES OK
BC:06:2D:9C:AE:E0,MES OK
BC:06:2D:9C:B0:B2,MES OK
BC:06:2D:9C:B1:0D,MES OK
BC:06:2D:9C:B1:3A,MES OK
BC:06:2D:9C:B4:52,MES OK
BC:06:2D:9C:B5:77,MES OK
BC:06:2D:9C:EF:69,MES OK
BC:06:2D:9C:F4:74,MES OK
BC:06:2D:9C:F4:A7,MES OK
BC:06:2D:9C:F6:56,MES OK
BC:06:2D:9C:F6:57,MES OK
BC:06:2D:9C:FA:2D,MES OK
BC:06:2D:9C:FB:0E,MES OK
BC:06:2D:9C:FD:E4,MES OK
BC:06:2D:9C:FE:56,MES OK
BC:06:2D:A1:BE:C8,MES OK
BC:06:2D:A1:D0:7E,MES OK
BC:06:2D:A5:30:76,MES OK
BC:06:2D:A5:97:0C,MES OK
BC:06:2D:A5:FC:E6,MES OK
BC:06:2D:A6:03:19,MES OK
BC:06:2D:A6:06:BC,MES OK
BC:06:2D:A6:08:B0,MES OK
BC:06:2D:A6:0A:ED,MES OK
BC:06:2D:A6:0B:9D,MES OK
BC:06:2D:A6:10:95,MES OK
BC:06:2D:A6:14:10,MES OK
BC:06:2D:A6:15:5F,MES OK
BC:06:2D:A6:1A:42,MES OK
BC:06:2D:A6:1A:4B,MES OK
BC:06:2D:A6:1D:B8,MES OK
BC:06:2D:A6:22:87,MES OK
BC:06:2D:A6:23:09,MES OK
BC:06:2D:A6:43:33,MES OK
BC:06:2D:A6:4F:8B,MES OK
BC:06:2D:A6:53:04,MES OK
BC:06:2D:A6:53:0A,MES OK
BC:06:2D:A6:54:C6,MES OK
BC:06:2D:A6:57:2A,MES OK
BC:06:2D:A6:57:E7,MES OK
BC:06:2D:A6:5F:02,MES OK
BC:06:2D:A6:63:78,MES OK
BC:06:2D:A6:68:B0,MES OK
BC:06:2D:A6:C3:34,MES OK
BC:06:2D:A6:C8:4D,MES OK
BC:06:2D:A6:C8:4E,MES OK
BC:06:2D:A6:CA:C4,MES OK
BC:06:2D:A6:D2:01,MES OK
BC:06:2D:A6:D6:23,MES OK
BC:06:2D:A6:D7:E5,MES OK
BC:06:2D:A6:DA:B3,MES OK
BC:06:2D:A6:F5:96,MES OK
BC:06:2D:A6:F8:47,MES OK
BC:06:2D:A6:F8:7E,MES OK
BC:06:2D:A7:0A:56,MES OK
BC:06:2D:A7:0A:9D,MES OK
BC:06:2D:A7:0D:1C,MES OK
BC:06:2D:A7:0E:8D,MES OK
BC:06:2D:A7:0F:AB,MES OK
BC:06:2D:A7:0F:E4,MES OK
BC:06:2D:A7:10:96,MES OK
BC:06:2D:A7:10:CA,MES OK
BC:06:2D:A7:10:D8,MES OK
BC:06:2D:A7:10:DA,MES OK
BC:06:2D:A7:11:26,MES OK
BC:06:2D:A7:11:2D,MES OK
BC:06:2D:A7:12:71,MES OK
BC:06:2D:A7:13:42,MES OK
BC:06:2D:A7:13:4E,MES OK
BC:06:2D:A7:13:8E,MES OK
BC:06:2D:A7:13:B0,MES OK
BC:06:2D:A7:13:E4,MES OK
BC:06:2D:A7:14:12,MES OK
BC:06:2D:A7:14:A4,MES OK
BC:06:2D:A7:14:F5,MES OK
BC:06:2D:A7:14:F6,MES OK
BC:06:2D:A7:16:15,MES OK
BC:06:2D:A7:16:95,MES OK
BC:06:2D:A7:18:7B,MES OK
BC:06:2D:A7:18:EE,MES OK
BC:06:2D:A7:1A:65,MES OK
BC:06:2D:A7:23:68,MES OK
BC:06:2D:A7:23:77,MES OK
BC:06:2D:A7:26:F8,MES OK
BC:06:2D:A7:46:7C,MES OK
BC:06:2D:A7:48:53,MES OK
BC:06:2D:A7:49:28,MES OK
BC:06:2D:A7:4A:D3,MES OK
BC:06:2D:A9:EC:FF,MES OK
BC:06:2D:AA:05:0C,MES OK
BC:06:2D:AA:41:0C,MES OK
BC:06:2D:AA:57:D8,MES OK
BC:06:2D:AA:5A:52,MES OK
BC:06:2D:AA:5D:7A,MES OK
BC:06:2D:AA:5F:4E,MES OK
BC:06:2D:AA:5F:4F,MES OK
BC:06:2D:AA:5F:6A,MES OK
BC:06:2D:AA:63:7E,MES OK
BC:06:2D:AA:67:B0,MES OK
BC:06:2D:AA:6C:49,MES OK
BC:06:2D:AA:9D:76,MES OK
BC:06:2D:AA:9D:7F,MES OK
BC:06:2D:AA:9E:8A,MES OK
BC:06:2D:AA:9F:8A,MES OK
BC:06:2D:AA:9F:CA,MES OK
BC:06:2D:AA:A3:54,MES OK
BC:06:2D:AA:A3:FD,MES OK
BC:06:2D:AA:A6:08,MES OK
BC:06:2D:AA:AA:F6,MES OK
BC:06:2D:AA:AF:E0,MES OK
BC:06:2D:AA:B6:A2,MES OK
BC:06:2D:AA:C7:A7,MES OK
BC:06:2D:AA:D9:C2,MES OK
BC:06:2D:AA:F7:3D,MES OK
BC:06:2D:AB:07:9C,MES OK
BC:06:2D:AB:17:6E,MES OK
BC:06:2D:AB:23:D1,MES OK
BC:06:2D:AB:25:4F,MES OK
BC:06:2D:AB:29:4C,MES OK
BC:06:2D:AB:2C:09,MES OK
BC:06:2D:AB:33:D4,MES OK
BC:06:2D:AB:35:C6,MES OK
BC:06:2D:AB:38:D1,MES OK
BC:06:2D:AB:3A:9C,MES OK
BC:06:2D:AB:3B:FF,MES OK
BC:06:2D:AB:3D:3C,MES OK
BC:06:2D:AB:3D:64,MES OK
BC:06:2D:AB:3D:88,MES OK
BC:06:2D:AB:3D:BD,MES OK
BC:06:2D:AB:3E:09,MES OK
BC:06:2D:AB:3F:18,MES OK
BC:06:2D:AB:3F:25,MES OK
BC:06:2D:AB:3F:7D,MES OK
BC:06:2D:AB:40:14,MES OK
BC:06:2D:AB:40:1A,MES OK
BC:06:2D:AB:40:51,MES OK
BC:06:2D:AB:40:95,MES OK
BC:06:2D:AB:40:A6,MES OK
BC:06:2D:AB:43:7D,MES OK
BC:06:2D:AB:45:37,MES OK
BC:06:2D:AB:4C:A5,MES OK
BC:06:2D:AB:51:57,MES OK
BC:06:2D:AB:5E:55,MES OK
BC:06:2D:B1:EE:FB,MES OK
BC:06:2D:B1:EF:0D,MES OK
BC:06:2D:B1:EF:13,MES OK
BC:06:2D:B1:EF:24,MES OK
BC:06:2D:B9:05:C8,MES OK
BC:06:2D:B9:06:9D,MES OK
BC:06:2D:B9:06:E3,MES OK
BC:06:2D:B9:3A:91,MES OK
BC:06:2D:B9:62:A2,MES OK
BC:06:2D:B9:87:A1,MES OK
BC:06:2D:B9:89:53,MES OK
BC:06:2D:B9:92:A8,MES OK
BC:06:2D:B9:99:67,MES OK
BC:06:2D:B9:99:C4,MES OK
BC:06:2D:B9:9D:DA,MES OK
BC:06:2D:B9:A1:D5,MES OK
BC:06:2D:B9:AA:FF,MES OK
BC:06:2D:B9:B3:FF,MES OK
BC:06:2D:B9:B5:9C,MES OK
BC:06:2D:B9:BB:D2,MES OK
BC:06:2D:B9:BC:AE,MES OK
BC:06:2D:B9:C0:EE,MES OK
BC:06:2D:B9:C4:E3,MES OK
BC:06:2D:B9:CA:09,MES OK
BC:06:2D:B9:CB:2E,MES OK
BC:06:2D:B9:CC:A7,MES OK
BC:06:2D:B9:CC:A8,MES OK
BC:06:2D:B9:CF:91,MES OK
BC:06:2D:B9:D5:9A,MES OK
BC:06:2D:B9:D5:D6,MES OK
BC:06:2D:B9:D6:65,MES OK
BC:06:2D:B9:D8:B8,MES OK
BC:06:2D:B9:D9:76,MES OK
BC:06:2D:B9:DA:A9,MES OK
BC:06:2D:B9:DA:B2,MES OK
BC:06:2D:B9:DC:89,MES OK
BC:06:2D:B9:DC:9A,MES OK
BC:06:2D:B9:DD:4B,MES OK
BC:06:2D:B9:DD:79,MES OK
BC:06:2D:B9:DD:81,MES OK
BC:06:2D:B9:DD:C5,MES OK
BC:06:2D:B9:DD:F0,MES OK
BC:06:2D:B9:DE:5E,MES OK
BC:06:2D:B9:DE:82,MES OK
BC:06:2D:B9:DE:C6,MES OK
BC:06:2D:B9:E0:9F,MES OK
BC:06:2D:B9:E1:C3,MES OK
BC:06:2D:B9:E1:CE,MES OK
BC:06:2D:B9:E2:9F,MES OK
BC:06:2D:B9:E5:4E,MES OK
BC:06:2D:B9:E5:6E,MES OK
BC:06:2D:B9:E8:9F,MES OK
BC:06:2D:B9:F3:39,MES OK
BC:06:2D:B9:F6:35,MES OK
BC:06:2D:B9:F9:D6,MES OK
BC:06:2D:B9:F9:D8,MES OK
BC:06:2D:B9:F9:DA,MES OK
BC:06:2D:B9:F9:DC,MES OK
BC:06:2D:B9:FA:03,MES OK
BC:06:2D:BA:04:95,MES OK
BC:06:2D:BA:05:00,MES OK
BC:06:2D:BA:0F:BC,MES OK
BC:06:2D:BA:1B:EF,MES OK
BC:06:2D:BA:1C:43,MES OK
BC:06:2D:BA:1C:48,MES OK
BC:06:2D:BA:1C:55,MES OK
BC:06:2D:94:F1:2E,No SN
BC:06:2D:A9:70:24,No SN
BC:06:2D:94:67:70,No SN
BC:06:2D:9A:2B:9D,No SN
BC:06:2D:A4:A4:D4,No SN
BC:06:2D:A5:08:CF,No SN
BC:06:2D:94:FB:A4,No SN
BC:06:2D:9C:C5:95,No SN
BC:06:2D:94:61:C0,No SN
BC:06:2D:A4:8D:1E,No SN
BC:06:2D:9B:2B:FB,No SN
BC:06:2D:94:C8:63,No SN
BC:06:2D:94:AF:9B,No SN
BC:06:2D:B4:C3:1D,No SN
BC:06:2D:B4:A7:69,No SN
BC:06:2D:A9:83:01,No SN
BC:06:2D:94:4B:7C,No SN
BC:06:2D:B4:8C:A2,No SN
BC:06:2D:9A:C7:09,No SN
BC:06:2D:B4:EE:CA,No SN
BC:06:2D:A4:D7:4B,No SN
BC:06:2D:A4:F3:25,No SN
BC:06:2D:AB:52:24,No SN
BC:06:2D:95:65:15,No SN
BC:06:2D:AF:0D:14,No SN
BC:06:2D:A4:29:77,No SN
BC:06:2D:94:3E:CC,No SN
BC:06:2D:AF:FD:AC,No SN
BC:06:2D:B4:21:D4,No SN
BC:06:2D:A3:ED:07,No SN
BC:06:2D:B4:B5:40,No SN
BC:06:2D:B4:EA:E0,No SN
BC:06:2D:9B:86:6D,No SN
BC:06:2D:B4:BF:8B,No SN
BC:06:2D:94:D4:3B,No SN
BC:06:2D:A9:4D:6C,No SN
BC:06:2D:A3:DD:1A,No SN
BC:06:2D:A4:48:6D,No SN
BC:06:2D:9A:C5:92,No SN
BC:06:2D:A4:61:C8,No SN
BC:06:2D:94:93:FF,No SN
BC:06:2D:B4:A0:0F,No SN
BC:06:2D:B4:1E:D9,No SN
BC:06:2D:A4:82:2B,No SN
BC:06:2D:A9:86:F4,No SN
BC:06:2D:A4:4F:46,No SN
BC:06:2D:A4:AC:11,No SN
BC:06:2D:A9:31:7C,No SN
BC:06:2D:94:E0:00,No SN
BC:06:2D:A4:98:58,No SN
BC:06:2D:9B:4F:06,No SN
BC:06:2D:B4:B9:D5,No SN
BC:06:2D:B4:A8:AB,No SN
BC:06:2D:94:9C:6D,No SN
BC:06:2D:94:89:0E,No SN
BC:06:2D:B4:C0:F0,No SN
BC:06:2D:B4:B9:66,No SN
BC:06:2D:B4:65:6D,No SN
BC:06:2D:9A:BE:2B,No SN
BC:06:2D:B4:D7:CA,No SN
BC:06:2D:B4:87:D9,No SN
BC:06:2D:A9:29:06,No SN
BC:06:2D:B4:78:86,No SN
BC:06:2D:94:9F:C3,No SN
BC:06:2D:94:8E:02,No SN
BC:06:2D:B4:3C:21,No SN
BC:06:2D:A9:81:CB,No SN
BC:06:2D:9A:C3:31,No SN
BC:06:2D:94:95:B6,No SN
BC:06:2D:A6:C0:11,No SN
BC:06:2D:B4:A6:55,No SN
BC:06:2D:94:FA:F7,No SN
BC:06:2D:B4:9E:E9,No SN
BC:06:2D:94:74:EE,No SN
BC:06:2D:94:EC:77,No SN
BC:06:2D:B4:18:C9,No SN
BC:06:2D:94:67:EA,No SN
BC:06:2D:A4:62:34,No SN
BC:06:2D:BD:4E:01,No SN
BC:06:2D:A4:FD:8C,No SN
BC:06:2D:94:A1:34,No SN
BC:06:2D:9A:F7:BB,No SN
BC:06:2D:B4:CD:74,No SN
BC:06:2D:B4:A0:47,No SN
BC:06:2D:94:F0:93,No SN
BC:06:2D:94:81:7B,No SN
BC:06:2D:94:9F:2D,No SN
BC:06:2D:AA:9F:B7,No SN
BC:06:2D:94:5A:D7,No SN
BC:06:2D:94:C6:BE,No SN
BC:06:2D:94:81:91,No SN
BC:06:2D:B4:C2:35,No SN
BC:06:2D:A4:8A:F9,No SN
BC:06:2D:A9:83:2B,No SN
BC:06:2D:94:5A:6C,No SN
BC:06:2D:94:3C:C5,No SN
BC:06:2D:A9:30:E1,No SN
BC:06:2D:B4:AC:6C,No SN
BC:06:2D:A4:5F:58,No SN
BC:06:2D:A9:83:98,No SN
BC:06:2D:A4:97:3B,No SN
BC:06:2D:94:91:8E,No SN
BC:06:2D:A9:3F:02,No SN
BC:06:2D:9A:D0:DB,No SN
BC:06:2D:A9:7D:50,No SN
BC:06:2D:94:BF:FF,No SN
BC:06:2D:9A:73:96,No SN
BC:06:2D:A4:A8:D9,No SN
BC:06:2D:9B:1C:2D,No SN
BC:06:2D:A9:3E:78,No SN
BC:06:2D:A9:5E:FA,No SN
BC:06:2D:A9:E1:E0,No SN
BC:06:2D:A4:5F:04,No SN
BC:06:2D:9B:2E:73,No SN
BC:06:2D:A4:C5:76,No SN
BC:06:2D:B4:BF:32,No SN
BC:06:2D:94:77:09,No SN
BC:06:2D:94:82:2C,No SN
BC:06:2D:A4:94:5D,No SN
BC:06:2D:94:26:7F,No SN
BC:06:2D:B4:A5:70,No SN
BC:06:2D:94:AC:D9,No SN
BC:06:2D:A9:90:B6,No SN
BC:06:2D:B4:2D:0D,No SN
BC:06:2D:A9:F6:75,No SN
BC:06:2D:9B:05:AC,No SN
BC:06:2D:A4:A7:D6,No SN
BC:06:2D:A4:7F:45,No SN
BC:06:2D:94:AE:4F,No SN
BC:06:2D:A4:BC:18,No SN
BC:06:2D:B4:C7:C7,No SN
BC:06:2D:A4:92:FB,No SN
BC:06:2D:A9:43:BD,No SN
BC:06:2D:94:BF:B1,No SN
BC:06:2D:A7:49:20,No SN
BC:06:2D:A4:22:20,No SN
BC:06:2D:9A:C8:80,No SN
BC:06:2D:93:F6:45,No SN
BC:06:2D:A3:F5:50,No SN
BC:06:2D:A4:33:4B,No SN
BC:06:2D:BD:4B:66,No SN
BC:06:2D:BD:34:C4,No SN
BC:06:2D:A4:9C:FC,No SN
BC:06:2D:94:BE:D5,No SN
BC:06:2D:A4:22:6F,No SN
BC:06:2D:94:74:EF,No SN
BC:06:2D:A4:5F:24,No SN
BC:06:2D:B4:AA:11,No SN
BC:06:2D:AF:E2:42,No SN
BC:06:2D:A4:82:3A,No SN
BC:06:2D:A4:4B:E1,No SN
BC:06:2D:9B:31:BE,No SN
BC:06:2D:94:93:F4,No SN
BC:06:2D:B4:F0:1B,No SN
BC:06:2D:94:24:47,No SN
BC:06:2D:B9:E9:A9,No SN
BC:06:2D:A4:8E:ED,No SN
BC:06:2D:A4:98:F1,No SN
BC:06:2D:94:EF:5C,No SN
BC:06:2D:A4:46:BF,No SN
BC:06:2D:B4:9C:4B,No SN
BC:06:2D:94:BC:06,No SN
BC:06:2D:B4:42:6C,No SN
BC:06:2D:BD:13:D5,No SN
BC:06:2D:A9:06:78,No SN
BC:06:2D:9B:05:82,No SN
BC:06:2D:94:92:5E,No SN
BC:06:2D:94:8A:42,No SN
BC:06:2D:95:4D:8C,No SN
BC:06:2D:94:AC:EC,No SN
BC:06:2D:A5:67:DF,No SN
BC:06:2D:9B:4B:11,No SN
BC:06:2D:94:B0:20,No SN
BC:06:2D:A3:FF:16,No SN
BC:06:2D:94:36:61,No SN
BC:06:2D:A4:EA:D1,No SN
BC:06:2D:A4:89:2E,No SN
BC:06:2D:B4:A2:B7,No SN
BC:06:2D:B4:E0:50,No SN
BC:06:2D:A4:8F:C9,No SN
BC:06:2D:A9:1D:95,No SN
BC:06:2D:AF:FD:31,No SN
BC:06:2D:94:7D:9A,No SN
BC:06:2D:9B:2E:1F,No SN
BC:06:2D:94:DD:5C,No SN
BC:06:2D:A4:25:93,No SN
BC:06:2D:B4:26:21,No SN
BC:06:2D:BD:44:70,No SN
BC:06:2D:B4:CF:EE,No SN
BC:06:2D:93:EF:79,No SN
BC:06:2D:94:87:31,No SN
BC:06:2D:93:ED:9F,No SN
BC:06:2D:9A:EE:3A,No SN
BC:06:2D:A4:7E:C7,No SN
BC:06:2D:A4:8F:C1,No SN
BC:06:2D:94:53:13,No SN
BC:06:2D:AB:47:8C,No SN
BC:06:2D:A4:15:35,No SN
BC:06:2D:BD:4C:41,No SN
BC:06:2D:A9:67:B9,No SN
BC:06:2D:94:08:E8,No SN
BC:06:2D:A4:B0:1E,No SN
BC:06:2D:94:61:AF,No SN
BC:06:2D:B4:B2:B6,No SN
BC:06:2D:A3:EA:C9,No SN
BC:06:2D:A4:DC:35,No SN
BC:06:2D:A4:E3:09,No SN
BC:06:2D:A4:88:46,No SN
BC:06:2D:A7:30:B3,No SN
BC:06:2D:9A:F2:5F,No SN
BC:06:2D:A4:74:7E,No SN
BC:06:2D:94:51:81,No SN
BC:06:2D:B4:7B:BE,No SN
BC:06:2D:A4:D8:43,No SN
BC:06:2D:A4:6E:DB,No SN
BC:06:2D:9B:43:D2,No SN
BC:06:2D:A9:73:94,No SN
BC:06:2D:A4:5D:8C,No SN
BC:06:2D:A4:AC:EE,No SN
BC:06:2D:A4:99:7E,No SN
BC:06:2D:A9:38:E0,No SN
BC:06:2D:A9:5B:AF,No SN
BC:06:2D:9A:A7:E1,No SN
BC:06:2D:A4:02:24,No SN
BC:06:2D:A3:E5:0A,No SN
BC:06:2D:9A:1D:89,No SN
BC:06:2D:9A:7E:48,No SN
BC:06:2D:A3:83:AB,No SN
BC:06:2D:A4:2D:35,No SN
BC:06:2D:A4:49:8E,No SN
BC:06:2D:B4:DA:14,No SN
BC:06:2D:B4:D3:92,No SN
BC:06:2D:A9:70:40,No SN
BC:06:2D:94:BB:37,No SN
BC:06:2D:94:FA:92,No SN
BC:06:2D:A4:8C:58,No SN
BC:06:2D:B4:EE:DC,No SN
BC:06:2D:A4:AD:3D,No SN
BC:06:2D:9A:7D:F7,No SN
BC:06:2D:BA:1B:B1,No SN
BC:06:2D:BA:1B:C6,No SN
BC:06:2D:97:3B:5E,No SN
BC:06:2D:A9:90:B9,No SN
BC:06:2D:94:04:88,No SN
BC:06:2D:BD:4A:85,No SN
BC:06:2D:9A:14:AF,No SN
BC:06:2D:B4:C2:2F,No SN
BC:06:2D:A4:A0:62,No SN
BC:06:2D:94:6D:1B,No SN
BC:06:2D:A4:9C:26,No SN
BC:06:2D:9A:7D:CF,No SN
BC:06:2D:B4:C0:4A,No SN
BC:06:2D:94:5E:02,No SN
BC:06:2D:94:2E:74,No SN
BC:06:2D:B4:98:F4,No SN
BC:06:2D:B4:D5:69,No SN
BC:06:2D:94:69:07,No SN
BC:06:2D:A4:56:E8,No SN
BC:06:2D:A0:0A:B5,MES OK
BC:06:2D:92:E9:76,MES OK
BC:06:2D:93:4F:55,MES OK
BC:06:2D:93:5D:1F,MES OK
BC:06:2D:93:62:9C,MES OK
BC:06:2D:93:C1:75,MES OK
BC:06:2D:93:C3:75,MES OK
BC:06:2D:94:3F:52,MES OK
BC:06:2D:94:41:F9,MES OK
BC:06:2D:94:45:97,MES OK
BC:06:2D:94:50:E7,MES OK
BC:06:2D:94:52:AF,MES OK
BC:06:2D:94:52:F3,MES OK
BC:06:2D:94:54:8B,MES OK
BC:06:2D:94:B3:75,MES OK
BC:06:2D:95:61:A1,MES OK
BC:06:2D:95:67:78,MES OK
BC:06:2D:95:82:77,MES OK
BC:06:2D:95:84:7E,MES OK
BC:06:2D:95:8E:B7,MES OK
BC:06:2D:96:58:D6,MES OK
BC:06:2D:96:86:AC,MES OK
BC:06:2D:96:87:05,MES OK
BC:06:2D:96:87:CB,MES OK
BC:06:2D:96:8A:B0,MES OK
BC:06:2D:96:8C:11,MES OK
BC:06:2D:96:8F:60,MES OK
BC:06:2D:96:90:03,MES OK
BC:06:2D:96:90:B1,MES OK
BC:06:2D:96:96:3E,MES OK
BC:06:2D:96:98:AD,MES OK
BC:06:2D:96:9A:C4,MES OK
BC:06:2D:96:9B:20,MES OK
BC:06:2D:96:9B:FF,MES OK
BC:06:2D:96:B3:68,MES OK
BC:06:2D:96:B6:7D,MES OK
BC:06:2D:96:B8:25,MES OK
BC:06:2D:96:BA:76,MES OK
BC:06:2D:96:BC:BF,MES OK
BC:06:2D:96:BE:0C,MES OK
BC:06:2D:96:BE:27,MES OK
BC:06:2D:96:BE:56,MES OK
BC:06:2D:96:BE:6D,MES OK
BC:06:2D:96:C4:8B,MES OK
BC:06:2D:96:C7:4A,MES OK
BC:06:2D:96:C8:56,MES OK
BC:06:2D:96:C8:BD,MES OK
BC:06:2D:96:C9:0B,MES OK
BC:06:2D:96:C9:A8,MES OK
BC:06:2D:96:CA:91,MES OK
BC:06:2D:96:CA:F2,MES OK
BC:06:2D:96:CB:22,MES OK
BC:06:2D:96:CB:71,MES OK
BC:06:2D:96:CB:8A,MES OK
BC:06:2D:96:CB:F9,MES OK
BC:06:2D:96:CC:3A,MES OK
BC:06:2D:96:CC:5D,MES OK
BC:06:2D:96:CC:6D,MES OK
BC:06:2D:96:CD:A7,MES OK
BC:06:2D:96:CD:BB,MES OK
BC:06:2D:96:CD:DA,MES OK
BC:06:2D:96:CE:A4,MES OK
BC:06:2D:96:CF:FE,MES OK
BC:06:2D:96:D0:0D,MES OK
BC:06:2D:96:D0:BD,MES OK
BC:06:2D:96:D0:D8,MES OK
BC:06:2D:96:D8:96,MES OK
BC:06:2D:96:E9:7F,MES OK
BC:06:2D:96:F7:43,MES OK
BC:06:2D:96:F7:D5,MES OK
BC:06:2D:97:08:CD,MES OK
BC:06:2D:97:09:5D,MES OK
BC:06:2D:97:0C:06,MES OK
BC:06:2D:97:12:23,MES OK
BC:06:2D:97:14:C1,MES OK
BC:06:2D:97:17:39,MES OK
BC:06:2D:97:1E:C1,MES OK
BC:06:2D:97:1F:C0,MES OK
BC:06:2D:97:26:37,MES OK
BC:06:2D:97:27:A5,MES OK
BC:06:2D:97:2B:4D,MES OK
BC:06:2D:97:33:12,MES OK
BC:06:2D:97:34:5F,MES OK
BC:06:2D:97:34:F7,MES OK
BC:06:2D:97:35:EA,MES OK
BC:06:2D:97:36:77,MES OK
BC:06:2D:97:37:F3,MES OK
BC:06:2D:97:39:04,MES OK
BC:06:2D:97:39:99,MES OK
BC:06:2D:97:39:D9,MES OK
BC:06:2D:97:3A:52,MES OK
BC:06:2D:97:3B:F4,MES OK
BC:06:2D:97:3C:12,MES OK
BC:06:2D:97:3F:F0,MES OK
BC:06:2D:97:41:20,MES OK
BC:06:2D:97:41:79,MES OK
BC:06:2D:97:42:78,MES OK
BC:06:2D:97:43:9D,MES OK
BC:06:2D:97:44:F3,MES OK
BC:06:2D:97:47:1B,MES OK
BC:06:2D:97:47:90,MES OK
BC:06:2D:99:24:FD,MES OK
BC:06:2D:99:2B:AF,MES OK
BC:06:2D:99:41:B1,MES OK
BC:06:2D:99:55:89,MES OK
BC:06:2D:99:EB:6C,MES OK
BC:06:2D:99:F9:14,MES OK
BC:06:2D:9A:5B:B1,MES OK
BC:06:2D:9A:5F:5A,MES OK
BC:06:2D:9A:5F:88,MES OK
BC:06:2D:9A:60:74,MES OK
BC:06:2D:9A:60:C9,MES OK
BC:06:2D:9A:62:0E,MES OK
BC:06:2D:9A:62:1C,MES OK
BC:06:2D:9A:62:61,MES OK
BC:06:2D:9A:65:1D,MES OK
BC:06:2D:9A:6A:7C,MES OK
BC:06:2D:9A:6A:D5,MES OK
BC:06:2D:9A:6C:C9,MES OK
BC:06:2D:9A:70:A0,MES OK
BC:06:2D:9A:73:F9,MES OK
BC:06:2D:9A:74:41,MES OK
BC:06:2D:9A:75:B5,MES OK
BC:06:2D:9A:77:3E,MES OK
BC:06:2D:9A:78:8F,MES OK
BC:06:2D:9A:7A:C5,MES OK
BC:06:2D:9A:95:BB,MES OK
BC:06:2D:9B:0F:15,MES OK
BC:06:2D:9B:9D:F1,MES OK
BC:06:2D:9B:BF:DF,MES OK
BC:06:2D:9B:DA:A6,MES OK
BC:06:2D:9B:DF:40,MES OK
BC:06:2D:9B:E1:C0,MES OK
BC:06:2D:9B:E2:53,MES OK
BC:06:2D:9B:E4:84,MES OK
BC:06:2D:9B:FA:8A,MES OK
BC:06:2D:9C:0B:D8,MES OK
BC:06:2D:9C:6D:F2,MES OK
BC:06:2D:9C:E2:6D,MES OK
BC:06:2D:9C:F8:AA,MES OK
BC:06:2D:A3:4B:2D,MES OK
BC:06:2D:A3:50:4F,MES OK
BC:06:2D:A3:AA:EA,MES OK
BC:06:2D:A3:C1:78,MES OK
BC:06:2D:A4:36:F2,MES OK
BC:06:2D:A4:37:16,MES OK
BC:06:2D:A4:39:E2,MES OK
BC:06:2D:A4:3D:A4,MES OK
BC:06:2D:A4:3E:C5,MES OK
BC:06:2D:A4:3F:38,MES OK
BC:06:2D:A4:46:81,MES OK
BC:06:2D:A4:48:5B,MES OK
BC:06:2D:A5:6A:D3,MES OK
BC:06:2D:A5:84:6E,MES OK
BC:06:2D:A5:8C:4E,MES OK
BC:06:2D:A5:99:46,MES OK
BC:06:2D:A5:A2:DD,MES OK
BC:06:2D:A5:E9:A6,MES OK
BC:06:2D:A6:34:58,MES OK
BC:06:2D:A6:48:00,MES OK
BC:06:2D:A6:5C:1B,MES OK
BC:06:2D:A6:88:61,MES OK
BC:06:2D:A6:8E:AD,MES OK
BC:06:2D:A6:8F:7F,MES OK
BC:06:2D:A6:94:0E,MES OK
BC:06:2D:A6:97:19,MES OK
BC:06:2D:A6:9C:B8,MES OK
BC:06:2D:A6:9D:ED,MES OK
BC:06:2D:A6:9D:F4,MES OK
BC:06:2D:A6:B1:3E,MES OK
BC:06:2D:A6:B1:9F,MES OK
BC:06:2D:A6:B2:4C,MES OK
BC:06:2D:A6:B4:AE,MES OK
BC:06:2D:A6:BC:C2,MES OK
BC:06:2D:A6:BD:DE,MES OK
BC:06:2D:A6:BF:E7,MES OK
BC:06:2D:A6:C1:27,MES OK
BC:06:2D:A6:C1:B7,MES OK
BC:06:2D:A6:C1:F1,MES OK
BC:06:2D:A6:C4:85,MES OK
BC:06:2D:A6:CA:86,MES OK
BC:06:2D:A6:CA:E2,MES OK
BC:06:2D:A6:CB:17,MES OK
BC:06:2D:A6:CB:59,MES OK
BC:06:2D:A6:CC:C9,MES OK
BC:06:2D:A6:CD:48,MES OK
BC:06:2D:A6:CE:10,MES OK
BC:06:2D:A6:CE:BE,MES OK
BC:06:2D:A6:CF:64,MES OK
BC:06:2D:A6:CF:65,MES OK
BC:06:2D:A6:CF:82,MES OK
BC:06:2D:A6:CF:94,MES OK
BC:06:2D:A6:CF:AC,MES OK
BC:06:2D:A6:CF:D9,MES OK
BC:06:2D:A6:CF:EC,MES OK
BC:06:2D:A6:D0:22,MES OK
BC:06:2D:A6:D2:7C,MES OK
BC:06:2D:A6:D2:B9,MES OK
BC:06:2D:A6:D2:C5,MES OK
BC:06:2D:A6:D2:CA,MES OK
BC:06:2D:A6:D2:F7,MES OK
BC:06:2D:A6:D3:1C,MES OK
BC:06:2D:A6:D3:9A,MES OK
BC:06:2D:A6:D3:B2,MES OK
BC:06:2D:A6:D3:FA,MES OK
BC:06:2D:A6:D5:E3,MES OK
BC:06:2D:A6:DA:DF,MES OK
BC:06:2D:A6:EA:F6,MES OK
BC:06:2D:A6:EC:15,MES OK
BC:06:2D:A7:02:5E,MES OK
BC:06:2D:A7:0A:E1,MES OK
BC:06:2D:A7:11:98,MES OK
BC:06:2D:A7:12:B1,MES OK
BC:06:2D:A7:13:57,MES OK
BC:06:2D:A7:17:65,MES OK
BC:06:2D:A7:17:ED,MES OK
BC:06:2D:A7:18:20,MES OK
BC:06:2D:A7:19:09,MES OK
BC:06:2D:A7:19:32,MES OK
BC:06:2D:A7:1A:91,MES OK
BC:06:2D:A7:32:FA,MES OK
BC:06:2D:A7:35:57,MES OK
BC:06:2D:A7:36:19,MES OK
BC:06:2D:A7:38:F9,MES OK
BC:06:2D:A7:39:F2,MES OK
BC:06:2D:A7:3B:92,MES OK
BC:06:2D:A7:3C:13,MES OK
BC:06:2D:A7:3C:F0,MES OK
BC:06:2D:A7:3D:B2,MES OK
BC:06:2D:A7:3D:EE,MES OK
BC:06:2D:A7:3E:0F,MES OK
BC:06:2D:A7:3F:E9,MES OK
BC:06:2D:A7:41:62,MES OK
BC:06:2D:A7:42:14,MES OK
BC:06:2D:A7:43:49,MES OK
BC:06:2D:A7:43:76,MES OK
BC:06:2D:A7:46:8C,MES OK
BC:06:2D:A7:48:9D,MES OK
BC:06:2D:A7:49:4F,MES OK
BC:06:2D:A7:4A:66,MES OK
BC:06:2D:A7:4A:F1,MES OK
BC:06:2D:A7:4B:21,MES OK
BC:06:2D:A9:DA:CD,MES OK
BC:06:2D:A9:E6:16,MES OK
BC:06:2D:A9:EF:47,MES OK
BC:06:2D:A9:FA:E3,MES OK
BC:06:2D:A9:FD:96,MES OK
BC:06:2D:AA:0D:C5,MES OK
BC:06:2D:AA:9C:66,MES OK
BC:06:2D:AA:A3:7B,MES OK
BC:06:2D:AA:BE:A3,MES OK
BC:06:2D:AA:C7:53,MES OK
BC:06:2D:AA:CA:8C,MES OK
BC:06:2D:AA:CC:95,MES OK
BC:06:2D:AA:CD:46,MES OK
BC:06:2D:AA:D7:FA,MES OK
BC:06:2D:AA:DA:DE,MES OK
BC:06:2D:AA:DB:B9,MES OK
BC:06:2D:AA:DC:C0,MES OK
BC:06:2D:AA:DC:D7,MES OK
BC:06:2D:AA:F0:BC,MES OK
BC:06:2D:AA:F8:A9,MES OK
BC:06:2D:AA:FD:7A,MES OK
BC:06:2D:AB:00:F9,MES OK
BC:06:2D:AB:0D:19,MES OK
BC:06:2D:AB:0D:51,MES OK
BC:06:2D:AB:0F:F7,MES OK
BC:06:2D:AB:11:75,MES OK
BC:06:2D:AB:12:BA,MES OK
BC:06:2D:AB:13:66,MES OK
BC:06:2D:AB:13:8C,MES OK
BC:06:2D:AB:13:BF,MES OK
BC:06:2D:AB:13:F5,MES OK
BC:06:2D:AB:15:2D,MES OK
BC:06:2D:AB:15:32,MES OK
BC:06:2D:AB:19:64,MES OK
BC:06:2D:AB:28:5E,MES OK
BC:06:2D:AB:29:E7,MES OK
BC:06:2D:AB:30:97,MES OK
BC:06:2D:AB:3C:41,MES OK
BC:06:2D:AB:40:75,MES OK
BC:06:2D:AB:4F:9E,MES OK
BC:06:2D:AB:56:EC,MES OK
BC:06:2D:AB:5D:03,MES OK
BC:06:2D:AB:5F:B7,MES OK
BC:06:2D:AB:5F:CE,MES OK
BC:06:2D:AB:5F:E5,MES OK
BC:06:2D:AD:A2:DD,MES OK
BC:06:2D:AD:A2:E1,MES OK
BC:06:2D:AF:13:76,MES OK
BC:06:2D:AF:2F:2F,MES OK
BC:06:2D:AF:3C:FB,MES OK
BC:06:2D:AF:A1:FD,MES OK
BC:06:2D:AF:A7:AD,MES OK
BC:06:2D:AF:E7:F1,MES OK
BC:06:2D:AF:E8:00,MES OK
BC:06:2D:AF:E8:57,MES OK
BC:06:2D:AF:EC:7E,MES OK
BC:06:2D:AF:ED:7C,MES OK
BC:06:2D:AF:EF:56,MES OK
BC:06:2D:AF:F4:58,MES OK
BC:06:2D:AF:F5:E2,MES OK
BC:06:2D:AF:F6:11,MES OK
BC:06:2D:AF:F6:B3,MES OK
BC:06:2D:AF:F7:6D,MES OK
BC:06:2D:AF:F9:65,MES OK
BC:06:2D:AF:FE:D4,MES OK
BC:06:2D:B3:01:2E,MES OK
BC:06:2D:B3:6F:DC,MES OK
BC:06:2D:B3:7C:DF,MES OK
BC:06:2D:B3:90:B7,MES OK
BC:06:2D:B3:90:CC,MES OK
BC:06:2D:B3:F4:B7,MES OK
BC:06:2D:B4:08:A8,MES OK
BC:06:2D:B4:7A:F9,MES OK
BC:06:2D:B4:7B:53,MES OK
BC:06:2D:B4:7C:5B,MES OK
BC:06:2D:B4:7D:46,MES OK
BC:06:2D:B4:83:C7,MES OK
BC:06:2D:B4:87:1B,MES OK
BC:06:2D:B4:8D:49,MES OK
BC:06:2D:B4:8D:BE,MES OK
BC:06:2D:B4:8D:C9,MES OK
BC:06:2D:B9:02:50,MES OK
BC:06:2D:B9:12:05,MES OK
BC:06:2D:B9:12:49,MES OK
BC:06:2D:B9:1D:AA,MES OK
BC:06:2D:B9:24:D3,MES OK
BC:06:2D:B9:2D:3D,MES OK
BC:06:2D:B9:2D:6D,MES OK
BC:06:2D:B9:31:D1,MES OK
BC:06:2D:B9:32:C6,MES OK
BC:06:2D:B9:38:9F,MES OK
BC:06:2D:B9:3F:AD,MES OK
BC:06:2D:B9:42:35,MES OK
BC:06:2D:B9:45:F2,MES OK
BC:06:2D:B9:48:06,MES OK
BC:06:2D:B9:48:42,MES OK
BC:06:2D:B9:48:CB,MES OK
BC:06:2D:B9:50:7D,MES OK
BC:06:2D:B9:67:BF,MES OK
BC:06:2D:B9:67:C3,MES OK
BC:06:2D:B9:6A:EA,MES OK
BC:06:2D:B9:7C:67,MES OK
BC:06:2D:B9:7C:AF,MES OK
BC:06:2D:B9:8E:79,MES OK
BC:06:2D:B9:8E:8B,MES OK
BC:06:2D:B9:90:0C,MES OK
BC:06:2D:B9:90:4E,MES OK
BC:06:2D:B9:90:A8,MES OK
BC:06:2D:B9:91:5D,MES OK
BC:06:2D:B9:94:B3,MES OK
BC:06:2D:B9:95:CD,MES OK
BC:06:2D:B9:96:E6,MES OK
BC:06:2D:B9:97:27,MES OK
BC:06:2D:B9:97:8A,MES OK
BC:06:2D:B9:98:12,MES OK
BC:06:2D:B9:98:DE,MES OK
BC:06:2D:B9:98:F9,MES OK
BC:06:2D:B9:9A:4B,MES OK
BC:06:2D:B9:9A:75,MES OK
BC:06:2D:B9:9B:3F,MES OK
BC:06:2D:B9:9B:A5,MES OK
BC:06:2D:B9:9B:AB,MES OK
BC:06:2D:B9:9C:75,MES OK
BC:06:2D:B9:9C:DC,MES OK
BC:06:2D:B9:9E:E5,MES OK
BC:06:2D:B9:A0:48,MES OK
BC:06:2D:B9:A0:C2,MES OK
BC:06:2D:B9:A0:C4,MES OK
BC:06:2D:B9:B1:34,MES OK
BC:06:2D:B9:B2:2D,MES OK
BC:06:2D:B9:B3:02,MES OK
BC:06:2D:B9:BF:AB,MES OK
BC:06:2D:B9:C6:EB,MES OK
BC:06:2D:B9:C8:AF,MES OK
BC:06:2D:B9:CD:51,MES OK
BC:06:2D:B9:D6:A7,MES OK
BC:06:2D:B9:D6:F2,MES OK
BC:06:2D:B9:DA:B4,MES OK
BC:06:2D:B9:DC:12,MES OK
BC:06:2D:B9:DF:B2,MES OK
BC:06:2D:B9:E5:7F,MES OK
BC:06:2D:B9:FE:F8,MES OK
BC:06:2D:BA:04:B8,MES OK
BC:06:2D:BA:06:B0,MES OK
BC:06:2D:BA:09:F4,MES OK
BC:06:2D:BA:0A:24,MES OK
BC:06:2D:BA:0F:AF,MES OK
BC:06:2D:BA:0F:D7,MES OK
BC:06:2D:BA:10:26,MES OK
BC:06:2D:BA:11:6F,MES OK
BC:06:2D:BA:13:0D,MES OK
BC:06:2D:BA:13:4D,MES OK
BC:06:2D:BA:14:A1,MES OK
BC:06:2D:BA:17:E1,MES OK
BC:06:2D:BA:1C:90,MES OK
BC:06:2D:BA:1C:E1,MES OK
BC:06:2D:BD:3A:70,MES OK
BC:06:2D:BD:3A:86,MES OK
BC:06:2D:BD:3F:AB,MES OK
BC:06:2D:BD:40:F9,MES OK
BC:06:2D:BD:46:E4,MES OK
BC:06:2D:AA:01:B4,No SN
BC:06:2D:B4:82:AC,No SN
BC:06:2D:AA:A3:F0,No SN
BC:06:2D:94:5D:64,MES OK
BC:06:2D:94:6C:D3,MES OK
BC:06:2D:95:3E:4E,MES OK
BC:06:2D:95:42:57,MES OK
BC:06:2D:95:45:85,MES OK
BC:06:2D:95:47:88,MES OK
BC:06:2D:95:4A:B9,MES OK
BC:06:2D:95:4B:86,MES OK
BC:06:2D:95:71:48,MES OK
BC:06:2D:95:74:6A,MES OK
BC:06:2D:95:75:D8,MES OK
BC:06:2D:95:75:DC,MES OK
BC:06:2D:95:75:E4,MES OK
BC:06:2D:95:79:32,MES OK
BC:06:2D:95:79:38,MES OK
BC:06:2D:95:7A:D8,MES OK
BC:06:2D:95:7C:2D,MES OK
BC:06:2D:95:7C:89,MES OK
BC:06:2D:95:7F:5D,MES OK
BC:06:2D:96:25:26,MES OK
BC:06:2D:96:2D:7F,MES OK
BC:06:2D:96:35:63,MES OK
BC:06:2D:96:40:53,MES OK
BC:06:2D:96:44:55,MES OK
BC:06:2D:96:45:6E,MES OK
BC:06:2D:96:49:EA,MES OK
BC:06:2D:96:4C:5D,MES OK
BC:06:2D:96:4C:A2,MES OK
BC:06:2D:96:4E:DE,MES OK
BC:06:2D:96:4F:21,MES OK
BC:06:2D:96:50:DC,MES OK
BC:06:2D:96:51:1F,MES OK
BC:06:2D:96:56:AF,MES OK
BC:06:2D:96:58:98,MES OK
BC:06:2D:96:5B:32,MES OK
BC:06:2D:96:5E:BE,MES OK
BC:06:2D:96:60:5D,MES OK
BC:06:2D:96:63:50,MES OK
BC:06:2D:96:63:79,MES OK
BC:06:2D:96:64:1E,MES OK
BC:06:2D:96:65:51,MES OK
BC:06:2D:96:66:30,MES OK
BC:06:2D:96:66:AA,MES OK
BC:06:2D:96:68:8B,MES OK
BC:06:2D:9B:BE:78,MES OK
BC:06:2D:9B:BF:36,MES OK
BC:06:2D:9B:C1:92,MES OK
BC:06:2D:9B:C1:EC,MES OK
BC:06:2D:9B:C1:F2,MES OK
BC:06:2D:9B:C5:50,MES OK
BC:06:2D:9B:C6:61,MES OK
BC:06:2D:9B:C9:F6,MES OK
BC:06:2D:9B:CC:7A,MES OK
BC:06:2D:9B:CD:42,MES OK
BC:06:2D:9B:CD:D2,MES OK
BC:06:2D:9B:CF:51,MES OK
BC:06:2D:9B:DC:45,MES OK
BC:06:2D:9B:DE:58,MES OK
BC:06:2D:9B:DE:72,MES OK
BC:06:2D:9B:E2:E3,MES OK
BC:06:2D:9B:E7:09,MES OK
BC:06:2D:9B:E7:3A,MES OK
BC:06:2D:9B:F3:7F,MES OK
BC:06:2D:9B:F3:83,MES OK
BC:06:2D:9B:F4:1F,MES OK
BC:06:2D:9B:F4:20,MES OK
BC:06:2D:9B:F5:DA,MES OK
BC:06:2D:9B:F6:BE,MES OK
BC:06:2D:9B:F7:46,MES OK
BC:06:2D:9B:F9:A9,MES OK
BC:06:2D:9B:FA:B8,MES OK
BC:06:2D:9B:FC:09,MES OK
BC:06:2D:9B:FD:61,MES OK
BC:06:2D:9B:FD:E3,MES OK
BC:06:2D:9B:FE:78,MES OK
BC:06:2D:9B:FF:B7,MES OK
BC:06:2D:9C:00:7A,MES OK
BC:06:2D:9C:01:11,MES OK
BC:06:2D:9C:01:1C,MES OK
BC:06:2D:9C:01:48,MES OK
BC:06:2D:9C:01:4C,MES OK
BC:06:2D:9C:03:F3,MES OK
BC:06:2D:9C:04:04,MES OK
BC:06:2D:9C:04:1D,MES OK
BC:06:2D:9C:04:30,MES OK
BC:06:2D:9C:04:39,MES OK
BC:06:2D:9C:04:7D,MES OK
BC:06:2D:9C:04:E6,MES OK
BC:06:2D:9C:05:0A,MES OK
BC:06:2D:9C:05:EB,MES OK
BC:06:2D:9C:05:F8,MES OK
BC:06:2D:9C:06:29,MES OK
BC:06:2D:9C:06:55,MES OK
BC:06:2D:9C:06:BD,MES OK
BC:06:2D:9C:07:2B,MES OK
BC:06:2D:9C:07:37,MES OK
BC:06:2D:9C:07:69,MES OK
BC:06:2D:9C:07:71,MES OK
BC:06:2D:9C:07:94,MES OK
BC:06:2D:9C:07:CD,MES OK
BC:06:2D:9C:08:03,MES OK
BC:06:2D:9C:09:45,MES OK
BC:06:2D:9C:09:4A,MES OK
BC:06:2D:9C:09:4D,MES OK
BC:06:2D:9C:09:6E,MES OK
BC:06:2D:9C:0A:1E,MES OK
BC:06:2D:9C:0A:32,MES OK
BC:06:2D:9C:0A:DE,MES OK
BC:06:2D:9C:0B:51,MES OK
BC:06:2D:9C:0B:53,MES OK
BC:06:2D:9C:0B:E6,MES OK
BC:06:2D:9C:0C:38,MES OK
BC:06:2D:9C:10:7F,MES OK
BC:06:2D:9C:11:D3,MES OK
BC:06:2D:9C:13:30,MES OK
BC:06:2D:9C:BA:22,MES OK
BC:06:2D:9C:C9:31,MES OK
BC:06:2D:9C:E6:74,MES OK
BC:06:2D:9C:EA:EF,MES OK
BC:06:2D:9C:ED:CF,MES OK
BC:06:2D:9C:EE:57,MES OK
BC:06:2D:9C:EE:6C,MES OK
BC:06:2D:9C:EE:85,MES OK
BC:06:2D:9C:EE:D3,MES OK
BC:06:2D:9C:EF:70,MES OK
BC:06:2D:9C:EF:AE,MES OK
BC:06:2D:9C:EF:B9,MES OK
BC:06:2D:9C:F0:0F,MES OK
BC:06:2D:9C:F0:4E,MES OK
BC:06:2D:9C:F0:57,MES OK
BC:06:2D:9C:F0:5E,MES OK
BC:06:2D:9C:F0:93,MES OK
BC:06:2D:9C:F0:94,MES OK
BC:06:2D:9C:F2:B8,MES OK
BC:06:2D:9C:F2:D9,MES OK
BC:06:2D:9C:F3:48,MES OK
BC:06:2D:9C:F3:68,MES OK
BC:06:2D:9C:F3:F7,MES OK
BC:06:2D:9C:F4:FF,MES OK
BC:06:2D:9C:F7:4E,MES OK
BC:06:2D:9C:F7:E6,MES OK
BC:06:2D:9C:FA:56,MES OK
BC:06:2D:9C:FD:5E,MES OK
BC:06:2D:9C:FD:82,MES OK
BC:06:2D:9C:FF:C6,MES OK
BC:06:2D:A5:3F:51,MES OK
BC:06:2D:A5:3F:A9,MES OK
BC:06:2D:A5:46:6C,MES OK
BC:06:2D:A5:49:0A,MES OK
BC:06:2D:A5:4A:FE,MES OK
BC:06:2D:A5:55:4E,MES OK
BC:06:2D:A5:6E:7D,MES OK
BC:06:2D:A5:79:17,MES OK
BC:06:2D:A5:79:58,MES OK
BC:06:2D:A5:79:5A,MES OK
BC:06:2D:A5:79:67,MES OK
BC:06:2D:A5:79:68,MES OK
BC:06:2D:A5:79:6B,MES OK
BC:06:2D:A5:7A:D6,MES OK
BC:06:2D:A5:7C:2B,MES OK
BC:06:2D:A5:7D:18,MES OK
BC:06:2D:A5:7D:9E,MES OK
BC:06:2D:A5:80:E7,MES OK
BC:06:2D:A6:2E:D9,MES OK
BC:06:2D:A6:33:6B,MES OK
BC:06:2D:A6:44:B6,MES OK
BC:06:2D:A6:44:DD,MES OK
BC:06:2D:A6:4F:57,MES OK
BC:06:2D:A6:51:27,MES OK
BC:06:2D:A6:51:BE,MES OK
BC:06:2D:A6:55:0D,MES OK
BC:06:2D:A6:55:13,MES OK
BC:06:2D:A6:55:3F,MES OK
BC:06:2D:A6:55:86,MES OK
BC:06:2D:A6:55:9D,MES OK
BC:06:2D:A6:56:0A,MES OK
BC:06:2D:A6:56:24,MES OK
BC:06:2D:A6:56:FB,MES OK
BC:06:2D:A6:57:61,MES OK
BC:06:2D:A6:57:B0,MES OK
BC:06:2D:A6:58:6E,MES OK
BC:06:2D:A6:5A:59,MES OK
BC:06:2D:A6:5C:00,MES OK
BC:06:2D:A6:5C:4E,MES OK
BC:06:2D:A6:5D:59,MES OK
BC:06:2D:A6:5E:44,MES OK
BC:06:2D:A6:5E:45,MES OK
BC:06:2D:A6:60:87,MES OK
BC:06:2D:A6:61:0E,MES OK
BC:06:2D:A6:66:C6,MES OK
BC:06:2D:A9:00:7D,MES OK
BC:06:2D:A9:D2:DE,MES OK
BC:06:2D:A9:D4:59,MES OK
BC:06:2D:A9:D7:FF,MES OK
BC:06:2D:A9:D9:E0,MES OK
BC:06:2D:A9:DD:20,MES OK
BC:06:2D:A9:DF:49,MES OK
BC:06:2D:A9:DF:90,MES OK
BC:06:2D:A9:E3:42,MES OK
BC:06:2D:A9:E4:74,MES OK
BC:06:2D:A9:E5:01,MES OK
BC:06:2D:A9:E6:6A,MES OK
BC:06:2D:A9:ED:A0,MES OK
BC:06:2D:A9:ED:BD,MES OK
BC:06:2D:A9:F8:46,MES OK
BC:06:2D:A9:F9:62,MES OK
BC:06:2D:A9:FD:55,MES OK
BC:06:2D:A9:FD:72,MES OK
BC:06:2D:AA:00:17,MES OK
BC:06:2D:AA:00:66,MES OK
BC:06:2D:AA:00:B6,MES OK
BC:06:2D:AA:01:ED,MES OK
BC:06:2D:AA:01:FA,MES OK
BC:06:2D:AA:02:39,MES OK
BC:06:2D:AA:02:55,MES OK
BC:06:2D:AA:02:90,MES OK
BC:06:2D:AA:02:CD,MES OK
BC:06:2D:AA:02:DB,MES OK
BC:06:2D:AA:03:CF,MES OK
BC:06:2D:AA:04:3F,MES OK
BC:06:2D:AA:04:49,MES OK
BC:06:2D:AA:04:74,MES OK
BC:06:2D:AA:04:BE,MES OK
BC:06:2D:AA:04:FA,MES OK
BC:06:2D:AA:09:90,MES OK
BC:06:2D:AA:0A:CC,MES OK
BC:06:2D:AA:83:26,MES OK
BC:06:2D:AA:93:A4,MES OK
BC:06:2D:AA:9C:8B,MES OK
BC:06:2D:AA:9C:A9,MES OK
BC:06:2D:AA:9C:AB,MES OK
BC:06:2D:AA:9C:AF,MES OK
BC:06:2D:AA:9C:EF,MES OK
BC:06:2D:AA:9E:91,MES OK
BC:06:2D:AA:9E:95,MES OK
BC:06:2D:AA:A3:69,MES OK
BC:06:2D:AA:A7:EC,MES OK
BC:06:2D:AA:A8:AF,MES OK
BC:06:2D:AA:A8:C1,MES OK
BC:06:2D:AA:A9:18,MES OK
BC:06:2D:AA:AA:FF,MES OK
BC:06:2D:AA:B0:85,MES OK
BC:06:2D:AA:B1:B3,MES OK
BC:06:2D:AA:B3:F8,MES OK
BC:06:2D:AA:B4:41,MES OK
BC:06:2D:AA:B4:74,MES OK
BC:06:2D:AA:B4:7B,MES OK
BC:06:2D:AA:B4:BE,MES OK
BC:06:2D:AA:B4:C0,MES OK
BC:06:2D:AA:B4:C2,MES OK
BC:06:2D:AA:B4:D4,MES OK
BC:06:2D:AA:B5:84,MES OK
BC:06:2D:B4:BB:D5,MES OK
BC:06:2D:B9:00:45,MES OK
BC:06:2D:B9:01:9A,MES OK
BC:06:2D:B9:01:E2,MES OK
BC:06:2D:B9:02:4B,MES OK
BC:06:2D:B9:02:8D,MES OK
BC:06:2D:B9:06:9E,MES OK
BC:06:2D:B9:06:C5,MES OK
BC:06:2D:B9:07:EE,MES OK
BC:06:2D:B9:09:70,MES OK
BC:06:2D:B9:09:92,MES OK
BC:06:2D:B9:09:E8,MES OK
BC:06:2D:B9:0B:63,MES OK
BC:06:2D:B9:0C:3C,MES OK
BC:06:2D:B9:0C:62,MES OK
BC:06:2D:B9:0C:94,MES OK
BC:06:2D:B9:0D:90,MES OK
BC:06:2D:B9:0D:A1,MES OK
BC:06:2D:B9:0D:A7,MES OK
BC:06:2D:B9:0D:BA,MES OK
BC:06:2D:B9:0D:F3,MES OK
BC:06:2D:B9:0E:47,MES OK
BC:06:2D:B9:0E:94,MES OK
BC:06:2D:B9:0E:96,MES OK
BC:06:2D:B9:0E:A8,MES OK
BC:06:2D:B9:0E:B2,MES OK
BC:06:2D:B9:0E:E9,MES OK
BC:06:2D:B9:0E:EB,MES OK
BC:06:2D:B9:0E:F5,MES OK
BC:06:2D:B9:0F:24,MES OK
BC:06:2D:B9:0F:41,MES OK
BC:06:2D:B9:0F:67,MES OK
BC:06:2D:B9:0F:70,MES OK
BC:06:2D:B9:0F:A2,MES OK
BC:06:2D:B9:0F:C1,MES OK
BC:06:2D:B9:0F:C6,MES OK
BC:06:2D:B9:0F:E5,MES OK
BC:06:2D:92:F5:5C,No SN
BC:06:2D:93:75:1F,No SN
BC:06:2D:93:79:ED,No SN
BC:06:2D:93:A7:BE,No SN
BC:06:2D:93:B8:89,No SN
BC:06:2D:93:DB:1A,No SN
BC:06:2D:94:9E:A6,No SN
BC:06:2D:94:A4:EC,No SN
BC:06:2D:94:AA:70,No SN
BC:06:2D:95:05:89,No SN
BC:06:2D:95:0E:0F,No SN
BC:06:2D:95:20:F0,No SN
BC:06:2D:95:22:3A,No SN
BC:06:2D:95:2F:6F,No SN
BC:06:2D:95:99:F5,No SN
BC:06:2D:95:A4:A6,No SN
BC:06:2D:95:A6:FB,No SN
BC:06:2D:95:A7:0F,No SN
BC:06:2D:95:A8:3A,No SN
BC:06:2D:95:C3:2F,No SN
BC:06:2D:95:CA:01,No SN
BC:06:2D:95:D9:7A,No SN
BC:06:2D:95:DF:4C,No SN
BC:06:2D:95:E2:FD,No SN
BC:06:2D:95:E3:1B,No SN
BC:06:2D:95:F8:D4,No SN
BC:06:2D:95:FB:B8,No SN
BC:06:2D:96:1F:A3,No SN
BC:06:2D:96:2B:02,No SN
BC:06:2D:96:4D:19,No SN
BC:06:2D:96:4D:FF,No SN
BC:06:2D:96:55:27,No SN
BC:06:2D:96:55:7C,No SN
BC:06:2D:96:64:DC,No SN
BC:06:2D:96:65:47,No SN
BC:06:2D:96:66:AE,No SN
BC:06:2D:96:66:CA,No SN
BC:06:2D:96:69:BB,No SN
BC:06:2D:96:72:FD,No SN
BC:06:2D:96:76:58,No SN
BC:06:2D:99:45:72,No SN
BC:06:2D:99:63:D7,No SN
BC:06:2D:99:68:04,No SN
BC:06:2D:99:B1:D6,No SN
BC:06:2D:99:B7:35,No SN
BC:06:2D:99:CE:2D,No SN
BC:06:2D:9A:03:D6,No SN
BC:06:2D:9A:05:0C,No SN
BC:06:2D:9B:7E:65,No SN
BC:06:2D:9B:A7:84,No SN
BC:06:2D:9B:B2:E7,No SN
BC:06:2D:9B:B8:14,No SN
BC:06:2D:9B:CD:BF,No SN
BC:06:2D:9B:F4:D7,No SN
BC:06:2D:9C:0C:3B,No SN
BC:06:2D:9C:25:7D,No SN
BC:06:2D:9C:29:6E,No SN
BC:06:2D:9C:29:74,No SN
BC:06:2D:9C:33:29,No SN
BC:06:2D:9C:35:00,No SN
BC:06:2D:9C:48:43,No SN
BC:06:2D:9C:4C:5C,No SN
BC:06:2D:9C:4D:12,No SN
BC:06:2D:9C:4D:57,No SN
BC:06:2D:9C:4D:DB,No SN
BC:06:2D:9C:50:CB,No SN
BC:06:2D:9C:54:7E,No SN
BC:06:2D:9C:58:21,No SN
BC:06:2D:9C:59:7A,No SN
BC:06:2D:9C:5F:4F,No SN
BC:06:2D:9C:5F:66,No SN
BC:06:2D:9C:64:8D,No SN
BC:06:2D:9C:76:CC,No SN
BC:06:2D:9C:77:C2,No SN
BC:06:2D:9C:EF:2F,No SN
BC:06:2D:9C:F9:6F,No SN
BC:06:2D:9C:FB:FE,No SN
BC:06:2D:9F:FD:23,No SN
BC:06:2D:A3:A7:24,No SN
BC:06:2D:A3:A8:29,No SN
BC:06:2D:A3:BC:B4,No SN
BC:06:2D:A3:CA:A2,No SN
BC:06:2D:A3:CB:8B,No SN
BC:06:2D:A4:64:11,No SN
BC:06:2D:A4:86:A5,No SN
BC:06:2D:A4:88:BE,No SN
BC:06:2D:A4:98:F0,No SN
BC:06:2D:A4:CB:1D,No SN
BC:06:2D:A5:1D:57,No SN
BC:06:2D:A5:20:31,No SN
BC:06:2D:A5:23:76,No SN
BC:06:2D:A5:24:90,No SN
BC:06:2D:A5:2F:88,No SN
BC:06:2D:A5:34:00,No SN
BC:06:2D:A5:64:99,No SN
BC:06:2D:A5:91:50,No SN
BC:06:2D:A5:A2:DE,No SN
BC:06:2D:A5:AA:69,No SN
BC:06:2D:A5:B5:7C,No SN
BC:06:2D:A5:B6:63,No SN
BC:06:2D:A5:BF:30,No SN
BC:06:2D:A5:C0:69,No SN
BC:06:2D:A5:C4:92,No SN
BC:06:2D:A5:E3:C8,No SN
BC:06:2D:A5:E6:3C,No SN
BC:06:2D:A5:E7:46,No SN
BC:06:2D:A5:E7:88,No SN
BC:06:2D:A5:FB:CC,No SN
BC:06:2D:A6:03:C4,No SN
BC:06:2D:A6:4F:EC,No SN
BC:06:2D:A6:54:2E,No SN
BC:06:2D:A6:55:E5,No SN
BC:06:2D:A6:56:8E,No SN
BC:06:2D:A6:58:C7,No SN
BC:06:2D:A6:64:CB,No SN
BC:06:2D:A6:A4:4B,No SN
BC:06:2D:A7:1E:AC,No SN
BC:06:2D:A9:64:48,No SN
BC:06:2D:A9:64:F1,No SN
BC:06:2D:A9:B3:2C,No SN
BC:06:2D:A9:B5:72,No SN
BC:06:2D:A9:BA:5B,No SN
BC:06:2D:A9:CA:1F,No SN
BC:06:2D:AA:12:1D,No SN
BC:06:2D:AA:13:D2,No SN
BC:06:2D:AA:14:E3,No SN
BC:06:2D:AA:16:BB,No SN
BC:06:2D:AA:1B:F1,No SN
BC:06:2D:AA:2F:B1,No SN
BC:06:2D:AA:3B:6A,No SN
BC:06:2D:AA:3F:17,No SN
BC:06:2D:AA:44:D3,No SN
BC:06:2D:AA:4F:37,No SN
BC:06:2D:AA:50:52,No SN
BC:06:2D:AA:56:0E,No SN
BC:06:2D:AA:78:2C,No SN
BC:06:2D:AA:9B:BD,No SN
BC:06:2D:AA:A8:6C,No SN
BC:06:2D:AA:B0:42,No SN
BC:06:2D:AA:B4:60,No SN
BC:06:2D:AA:B4:8B,No SN
BC:06:2D:AA:B4:8D,No SN
BC:06:2D:AA:B4:B5,No SN
BC:06:2D:AA:B4:D3,No SN
BC:06:2D:AA:B4:E4,No SN
BC:06:2D:AA:C3:40,No SN
BC:06:2D:AA:DD:BB,No SN
BC:06:2D:AF:4D:BA,No SN
BC:06:2D:AF:4E:8C,No SN
BC:06:2D:AF:50:D6,No SN
BC:06:2D:AF:71:61,No SN
BC:06:2D:AF:83:6C,No SN
BC:06:2D:AF:8B:21,No SN
BC:06:2D:AF:8C:3C,No SN
BC:06:2D:AF:93:38,No SN
BC:06:2D:AF:94:39,No SN
BC:06:2D:B3:63:9F,No SN
BC:06:2D:B3:65:7C,No SN
BC:06:2D:B3:9C:54,No SN
BC:06:2D:B3:9F:08,No SN
BC:06:2D:B3:D2:36,No SN
BC:06:2D:B3:E9:EE,No SN
BC:06:2D:B4:00:65,No SN
BC:06:2D:B4:67:31,No SN
BC:06:2D:B4:78:90,No SN
BC:06:2D:B4:7D:EA,No SN
BC:06:2D:B9:09:43,No SN
BC:06:2D:B9:0A:42,No SN
BC:06:2D:B9:0B:24,No SN
BC:06:2D:B9:0C:CA,No SN
BC:06:2D:B9:0D:0E,No SN
BC:06:2D:B9:0D:B8,No SN
BC:06:2D:B9:0D:BB,No SN
BC:06:2D:B9:0E:44,No SN
BC:06:2D:B9:0E:C2,No SN
BC:06:2D:B9:0E:E1,No SN
BC:06:2D:B9:0F:56,No SN
BC:06:2D:B9:0F:57,No SN
BC:06:2D:B9:0F:99,No SN
BC:06:2D:B9:0F:B0,No SN
BC:06:2D:B9:17:9A,No SN
BC:06:2D:B9:23:AF,No SN
BC:06:2D:B9:65:5E,No SN
BC:06:2D:B9:B9:C3,No SN
BC:06:2D:B9:BB:CE,No SN
BC:06:2D:B9:C1:91,No SN
BC:06:2D:91:A0:60,MES OK
BC:06:2D:93:40:1B,MES OK
BC:06:2D:93:6B:E4,MES OK
BC:06:2D:93:6D:05,MES OK
BC:06:2D:93:6D:B7,MES OK
BC:06:2D:93:6D:E0,MES OK
BC:06:2D:93:6E:38,MES OK
BC:06:2D:93:6E:A5,MES OK
BC:06:2D:93:6F:EA,MES OK
BC:06:2D:93:71:07,MES OK
BC:06:2D:93:72:5C,MES OK
BC:06:2D:93:73:8B,MES OK
BC:06:2D:93:75:33,MES OK
BC:06:2D:93:76:C2,MES OK
BC:06:2D:93:78:7A,MES OK
BC:06:2D:93:7C:E3,MES OK
BC:06:2D:93:7C:FD,MES OK
BC:06:2D:93:AC:4C,MES OK
BC:06:2D:93:AF:05,MES OK
BC:06:2D:94:7B:E3,MES OK
BC:06:2D:94:7B:FE,MES OK
BC:06:2D:94:80:C3,MES OK
BC:06:2D:94:82:93,MES OK
BC:06:2D:94:83:9D,MES OK
BC:06:2D:94:85:76,MES OK
BC:06:2D:94:87:0B,MES OK
BC:06:2D:94:8B:33,MES OK
BC:06:2D:94:8C:C4,MES OK
BC:06:2D:94:8C:C8,MES OK
BC:06:2D:94:8C:FD,MES OK
BC:06:2D:94:8E:12,MES OK
BC:06:2D:94:90:3F,MES OK
BC:06:2D:95:A2:3D,MES OK
BC:06:2D:95:A6:7D,MES OK
BC:06:2D:95:BB:41,MES OK
BC:06:2D:95:C0:08,MES OK
BC:06:2D:95:C6:68,MES OK
BC:06:2D:95:CB:D6,MES OK
BC:06:2D:95:CC:9E,MES OK
BC:06:2D:95:CD:BF,MES OK
BC:06:2D:95:CD:D7,MES OK
BC:06:2D:95:CD:F3,MES OK
BC:06:2D:95:CF:FD,MES OK
BC:06:2D:95:D1:0D,MES OK
BC:06:2D:95:D3:8E,MES OK
BC:06:2D:95:D5:F0,MES OK
BC:06:2D:95:D7:54,MES OK
BC:06:2D:95:D7:87,MES OK
BC:06:2D:95:F2:2D,MES OK
BC:06:2D:96:19:D3,MES OK
BC:06:2D:96:2C:FF,MES OK
BC:06:2D:96:52:78,MES OK
BC:06:2D:96:5B:8A,MES OK
BC:06:2D:96:5D:74,MES OK
BC:06:2D:96:62:48,MES OK
BC:06:2D:96:8C:20,MES OK
BC:06:2D:96:CA:DD,MES OK
BC:06:2D:96:CB:FB,MES OK
BC:06:2D:96:CC:AE,MES OK
BC:06:2D:96:CD:C2,MES OK
BC:06:2D:96:CD:ED,MES OK
BC:06:2D:96:CE:3B,MES OK
BC:06:2D:96:CE:A8,MES OK
BC:06:2D:96:CF:CF,MES OK
BC:06:2D:96:D6:1A,MES OK
BC:06:2D:96:D6:44,MES OK
BC:06:2D:96:D6:EF,MES OK
BC:06:2D:96:DB:CF,MES OK
BC:06:2D:97:39:7E,MES OK
BC:06:2D:97:3A:DE,MES OK
BC:06:2D:97:3C:AB,MES OK
BC:06:2D:97:3D:88,MES OK
BC:06:2D:97:42:4E,MES OK
BC:06:2D:99:0E:05,MES OK
BC:06:2D:99:62:42,MES OK
BC:06:2D:99:63:2C,MES OK
BC:06:2D:99:66:6B,MES OK
BC:06:2D:99:66:F7,MES OK
BC:06:2D:99:6B:34,MES OK
BC:06:2D:99:6B:DD,MES OK
BC:06:2D:99:6C:0C,MES OK
BC:06:2D:99:6C:24,MES OK
BC:06:2D:99:6D:0F,MES OK
BC:06:2D:99:70:33,MES OK
BC:06:2D:99:70:B3,MES OK
BC:06:2D:99:72:AA,MES OK
BC:06:2D:99:AC:8A,MES OK
BC:06:2D:99:B2:E4,MES OK
BC:06:2D:99:C0:CB,MES OK
BC:06:2D:99:CE:26,MES OK
BC:06:2D:99:D5:2D,MES OK
BC:06:2D:99:D9:08,MES OK
BC:06:2D:99:E7:66,MES OK
BC:06:2D:9A:9C:D0,MES OK
BC:06:2D:9A:A9:85,MES OK
BC:06:2D:9A:AB:99,MES OK
BC:06:2D:9A:AE:93,MES OK
BC:06:2D:9A:B2:59,MES OK
BC:06:2D:9A:B7:FC,MES OK
BC:06:2D:9A:BC:9B,MES OK
BC:06:2D:9A:BE:B0,MES OK
BC:06:2D:9A:C0:5B,MES OK
BC:06:2D:9A:C1:46,MES OK
BC:06:2D:9A:C5:A7,MES OK
BC:06:2D:9A:CA:90,MES OK
BC:06:2D:9A:CA:92,MES OK
BC:06:2D:9A:CB:C0,MES OK
BC:06:2D:9A:CC:E6,MES OK
BC:06:2D:9A:D4:E7,MES OK
BC:06:2D:9A:E2:35,MES OK
BC:06:2D:9A:E2:A2,MES OK
BC:06:2D:9A:E9:D9,MES OK
BC:06:2D:9A:EF:05,MES OK
BC:06:2D:9A:F1:38,MES OK
BC:06:2D:9A:F2:56,MES OK
BC:06:2D:9A:F6:63,MES OK
BC:06:2D:9A:F7:A7,MES OK
BC:06:2D:9C:34:CD,MES OK
BC:06:2D:9C:3D:C7,MES OK
BC:06:2D:9C:42:A1,MES OK
BC:06:2D:9C:43:0C,MES OK
BC:06:2D:9C:43:E9,MES OK
BC:06:2D:9C:44:96,MES OK
BC:06:2D:9C:5B:E4,MES OK
BC:06:2D:9C:61:12,MES OK
BC:06:2D:9C:66:7F,MES OK
BC:06:2D:9C:9F:D0,MES OK
BC:06:2D:9C:AE:83,MES OK
BC:06:2D:9C:CE:BD,MES OK
BC:06:2D:9C:E3:81,MES OK
BC:06:2D:9C:E9:E6,MES OK
BC:06:2D:9C:F0:67,MES OK
BC:06:2D:9C:F1:C4,MES OK
BC:06:2D:9C:F5:65,MES OK
BC:06:2D:9C:FA:8E,MES OK
BC:06:2D:9D:EE:89,MES OK
BC:06:2D:9E:88:E5,MES OK
BC:06:2D:A0:3A:24,MES OK
BC:06:2D:A3:5B:18,MES OK
BC:06:2D:A3:5B:A5,MES OK
BC:06:2D:A3:5D:0D,MES OK
BC:06:2D:A3:5D:2B,MES OK
BC:06:2D:A3:5E:F0,MES OK
BC:06:2D:A3:5F:6B,MES OK
BC:06:2D:A3:60:47,MES OK
BC:06:2D:A3:60:70,MES OK
BC:06:2D:A3:60:FA,MES OK
BC:06:2D:A3:61:C6,MES OK
BC:06:2D:A3:63:E8,MES OK
BC:06:2D:A3:65:B8,MES OK
BC:06:2D:A3:66:2D,MES OK
BC:06:2D:A3:69:39,MES OK
BC:06:2D:A3:69:3D,MES OK
BC:06:2D:A3:69:49,MES OK
BC:06:2D:A3:6B:4C,MES OK
BC:06:2D:A3:6C:D4,MES OK
BC:06:2D:A3:6E:33,MES OK
BC:06:2D:A3:6E:9D,MES OK
BC:06:2D:A3:77:F2,MES OK
BC:06:2D:A4:41:A1,MES OK
BC:06:2D:A4:44:C8,MES OK
BC:06:2D:A4:7A:24,MES OK
BC:06:2D:A4:7E:AA,MES OK
BC:06:2D:A4:7E:C9,MES OK
BC:06:2D:A4:80:51,MES OK
BC:06:2D:A4:84:BE,MES OK
BC:06:2D:A4:94:2E,MES OK
BC:06:2D:A4:96:94,MES OK
BC:06:2D:A4:9A:B1,MES OK
BC:06:2D:A4:9D:15,MES OK
BC:06:2D:A5:A4:5D,MES OK
BC:06:2D:A5:A4:6F,MES OK
BC:06:2D:A5:A6:31,MES OK
BC:06:2D:A5:A9:0E,MES OK
BC:06:2D:A5:AE:CB,MES OK
BC:06:2D:A5:B6:0C,MES OK
BC:06:2D:A5:C0:13,MES OK
BC:06:2D:A5:D0:6F,MES OK
BC:06:2D:A5:D0:77,MES OK
BC:06:2D:A5:D5:18,MES OK
BC:06:2D:A5:F4:E0,MES OK
BC:06:2D:A6:08:5F,MES OK
BC:06:2D:A6:2B:A9,MES OK
BC:06:2D:A6:30:B0,MES OK
BC:06:2D:A6:4A:31,MES OK
BC:06:2D:A6:50:75,MES OK
BC:06:2D:A6:5B:53,MES OK
BC:06:2D:A6:5C:A3,MES OK
BC:06:2D:A6:5F:53,MES OK
BC:06:2D:A6:76:E4,MES OK
BC:06:2D:A6:78:0B,MES OK
BC:06:2D:A6:8C:CA,MES OK
BC:06:2D:A6:90:7C,MES OK
BC:06:2D:A6:93:8E,MES OK
BC:06:2D:A6:A4:5B,MES OK
BC:06:2D:A6:AE:92,MES OK
BC:06:2D:A6:CA:C8,MES OK
BC:06:2D:A6:CE:0F,MES OK
BC:06:2D:A6:CF:86,MES OK
BC:06:2D:A6:CF:B5,MES OK
BC:06:2D:A6:CF:D7,MES OK
BC:06:2D:A6:D1:59,MES OK
BC:06:2D:A6:D2:5B,MES OK
BC:06:2D:A6:D2:96,MES OK
BC:06:2D:A6:D3:16,MES OK
BC:06:2D:A6:D7:CB,MES OK
BC:06:2D:A7:00:79,MES OK
BC:06:2D:A7:0D:DB,MES OK
BC:06:2D:A7:0D:E5,MES OK
BC:06:2D:A7:15:73,MES OK
BC:06:2D:A9:19:32,MES OK
BC:06:2D:A9:1C:E2,MES OK
BC:06:2D:A9:1E:96,MES OK
BC:06:2D:A9:22:69,MES OK
BC:06:2D:A9:22:D2,MES OK
BC:06:2D:A9:23:B6,MES OK
BC:06:2D:A9:27:3A,MES OK
BC:06:2D:A9:29:BC,MES OK
BC:06:2D:A9:2C:16,MES OK
BC:06:2D:A9:2C:1E,MES OK
BC:06:2D:A9:31:93,MES OK
BC:06:2D:A9:3A:60,MES OK
BC:06:2D:A9:3C:C8,MES OK
BC:06:2D:A9:3D:57,MES OK
BC:06:2D:A9:47:1E,MES OK
BC:06:2D:A9:4A:F8,MES OK
BC:06:2D:A9:4B:F5,MES OK
BC:06:2D:AA:1D:AE,MES OK
BC:06:2D:AA:25:39,MES OK
BC:06:2D:AA:27:49,MES OK
BC:06:2D:AA:3A:CB,MES OK
BC:06:2D:AA:4F:13,MES OK
BC:06:2D:AA:9D:46,MES OK
BC:06:2D:AA:A4:60,MES OK
BC:06:2D:AA:B1:62,MES OK
BC:06:2D:AA:CC:03,MES OK
BC:06:2D:AA:CE:89,MES OK
BC:06:2D:AA:D1:82,MES OK
BC:06:2D:AA:D8:77,MES OK
BC:06:2D:AB:09:9E,MES OK
BC:06:2D:AB:11:1F,MES OK
BC:06:2D:AB:11:4D,MES OK
BC:06:2D:AB:12:AA,MES OK
BC:06:2D:AB:12:B8,MES OK
BC:06:2D:AB:13:78,MES OK
BC:06:2D:AB:14:1B,MES OK
BC:06:2D:AB:1A:E9,MES OK
BC:06:2D:AB:38:99,MES OK
BC:06:2D:AB:55:A9,MES OK
BC:06:2D:AB:5E:42,MES OK
BC:06:2D:AD:A4:49,MES OK
BC:06:2D:AF:3F:B6,MES OK
BC:06:2D:AF:40:D4,MES OK
BC:06:2D:AF:41:1D,MES OK
BC:06:2D:AF:41:D5,MES OK
BC:06:2D:AF:45:27,MES OK
BC:06:2D:AF:46:77,MES OK
BC:06:2D:AF:47:90,MES OK
BC:06:2D:AF:88:A4,MES OK
BC:06:2D:AF:9B:11,MES OK
BC:06:2D:B0:24:37,MES OK
BC:06:2D:B3:7B:AD,MES OK
BC:06:2D:B3:94:E6,MES OK
BC:06:2D:B3:95:19,MES OK
BC:06:2D:B3:95:9C,MES OK
BC:06:2D:B3:96:9F,MES OK
BC:06:2D:B3:98:73,MES OK
BC:06:2D:B3:99:6A,MES OK
BC:06:2D:B3:9A:59,MES OK
BC:06:2D:B3:9B:60,MES OK
BC:06:2D:B3:9B:BF,MES OK
BC:06:2D:B3:9F:4D,MES OK
BC:06:2D:B3:A0:F2,MES OK
BC:06:2D:B3:A1:FB,MES OK
BC:06:2D:B3:A2:0D,MES OK
BC:06:2D:B3:A3:7A,MES OK
BC:06:2D:B3:A5:DD,MES OK
BC:06:2D:B3:A5:FF,MES OK
BC:06:2D:B3:A7:84,MES OK
BC:06:2D:B3:A7:F8,MES OK
BC:06:2D:B3:D8:62,MES OK
BC:06:2D:B4:C1:20,MES OK
BC:06:2D:B4:C1:9F,MES OK
BC:06:2D:B4:C2:C7,MES OK
BC:06:2D:B4:CB:23,MES OK
BC:06:2D:B4:CB:5D,MES OK
BC:06:2D:B4:CC:81,MES OK
BC:06:2D:B4:CD:40,MES OK
BC:06:2D:B4:CE:C1,MES OK
BC:06:2D:B4:D3:9E,MES OK
BC:06:2D:B4:D5:29,MES OK
BC:06:2D:B4:DB:E5,MES OK
BC:06:2D:B4:E2:E6,MES OK
BC:06:2D:B9:02:94,MES OK
BC:06:2D:B9:08:42,MES OK
BC:06:2D:B9:18:6B,MES OK
BC:06:2D:B9:32:BF,MES OK
BC:06:2D:B9:32:DB,MES OK
BC:06:2D:B9:38:69,MES OK
BC:06:2D:B9:42:EB,MES OK
BC:06:2D:B9:47:EC,MES OK
BC:06:2D:B9:91:75,MES OK
BC:06:2D:B9:93:77,MES OK
BC:06:2D:B9:96:52,MES OK
BC:06:2D:B9:96:AB,MES OK
BC:06:2D:B9:97:90,MES OK
BC:06:2D:B9:98:5D,MES OK
BC:06:2D:B9:99:72,MES OK
BC:06:2D:B9:9A:58,MES OK
BC:06:2D:B9:9A:A5,MES OK
BC:06:2D:B9:9B:52,MES OK
BC:06:2D:B9:9B:56,MES OK
BC:06:2D:B9:9B:71,MES OK
BC:06:2D:B9:9E:6C,MES OK
BC:06:2D:B9:9F:2E,MES OK
BC:06:2D:B9:9F:51,MES OK
BC:06:2D:B9:A2:F7,MES OK
BC:06:2D:B9:AD:4D,MES OK
BC:06:2D:B9:B7:E7,MES OK
BC:06:2D:B9:C5:84,MES OK
BC:06:2D:B9:D2:D2,MES OK
BC:06:2D:B9:E2:4B,MES OK
BC:06:2D:BA:19:48,MES OK
BC:06:2D:BA:19:AC,MES OK
BC:06:2D:BA:1A:38,MES OK
BC:06:2D:BA:1A:6C,MES OK
BC:06:2D:BA:1A:ED,MES OK
BC:06:2D:BD:03:EF,MES OK
